204515,André Janones,36898,AVANTE,MG,https://www.camara.leg.br/internet/deputado/bandep/204515.jpg,dep.andrejanones@camara.leg.br,ANDRE LUIS GASPAR JANONES,Superior,MG,Ituiutaba,M
204476,Chiquinho Brazão,36898,AVANTE,RJ,https://www.camara.leg.br/internet/deputado/bandep/204476.jpg,dep.chiquinhobrazao@camara.leg.br,JOÃO FRANCISCO INÁCIO BRAZÃO,Ensino Médio,RJ,Rio de Janeiro,M
198197,Greyce Elias,36898,AVANTE,MG,https://www.camara.leg.br/internet/deputado/bandep/198197.jpg,dep.greyceelias@camara.leg.br,GREYCE DE QUEIROZ ELIAS,Superior,MG,Patrocínio,F
204375,Leda Sadala,36898,AVANTE,AP,https://www.camara.leg.br/internet/deputado/bandep/204375.jpg,dep.ledasadala@camara.leg.br,LEDA MARIA SADALA BRITO,Superior,PA,Almeirim,F
160510,Luis Tibé,36898,AVANTE,MG,https://www.camara.leg.br/internet/deputado/bandep/160510.jpg,dep.luistibe@camara.leg.br,LUIS HENRIQUE DE OLIVEIRA RESENDE,Superior Incompleto,MG,Belo Horizonte,M
204553,Pastor Sargento Isidório,36898,AVANTE,BA,https://www.camara.leg.br/internet/deputado/bandep/204553.jpg,dep.pastorsargentoisidorio@camara.leg.br,MANOEL ISIDORIO DE SANTANA JUNIOR,Superior Incompleto,BA,Salvador,M
178921,Sebastião Oliveira,36898,AVANTE,PE,https://www.camara.leg.br/internet/deputado/bandep/178921.jpg,dep.sebastiaooliveira@camara.leg.br,SEBASTIAO IGNACIO DE OLIVEIRA JUNIOR,Superior,PE,Recife,M
197438,Tito,36898,AVANTE,BA,https://www.camara.leg.br/internet/deputado/bandep/197438.jpg,dep.tito@camara.leg.br,CARLOS TITO MARQUES CORDEIRO,Mestrado,BA,Santa Maria da Vitória,M
178972,Alex Manente,37905,CIDADANIA,SP,https://www.camara.leg.br/internet/deputado/bandep/178972.jpg,dep.alexmanente@camara.leg.br,ALEX SPINELLI MANENTE,Superior,SP,São Bernardo do Campo,M
141391,Arnaldo Jardim,37905,CIDADANIA,SP,https://www.camara.leg.br/internet/deputado/bandep/141391.jpg,dep.arnaldojardim@camara.leg.br,ARNALDO CALIL PEREIRA JARDIM,Superior,SP,Altinópolis,M
164360,Carmen Zanotto,37905,CIDADANIA,SC,https://www.camara.leg.br/internet/deputado/bandep/164360.jpg,dep.carmenzanotto@camara.leg.br,CARMEN EMÍLIA BONFÁ ZANOTTO,Superior,SC,Lages,F
204355,Da Vitoria,37905,CIDADANIA,ES,https://www.camara.leg.br/internet/deputado/bandep/204355.jpg,dep.davitoria@camara.leg.br,JOSIAS MARIO DA VITORIA,Superior,ES,Colatina,M
178916,Daniel Coelho,37905,CIDADANIA,PE,https://www.camara.leg.br/internet/deputado/bandep/178916.jpg,dep.danielcoelho@camara.leg.br,DANIEL PIRES COELHO,Superior,PE,Recife,M
204377,Paula Belmonte,37905,CIDADANIA,DF,https://www.camara.leg.br/internet/deputado/bandep/204377.jpg,dep.paulabelmonte@camara.leg.br,PAULA MORENO PARO BELMONTE,Superior,SP,SAO PAULO,F
73466,Rubens Bueno,37905,CIDADANIA,PR,https://www.camara.leg.br/internet/deputado/bandep/73466.jpg,dep.rubensbueno@camara.leg.br,RUBENS BUENO,Superior,PR,Sertanópolis,M
178836,Alan Rick,36769,DEM,AC,https://www.camara.leg.br/internet/deputado/bandep/178836.jpg,dep.alanrick@camara.leg.br,ALAN RICK MIRANDA,Pós-Graduação,AC,Rio Branco,M
160545,Alexandre Leite,36769,DEM,SP,https://www.camara.leg.br/internet/deputado/bandep/160545.jpg,dep.alexandreleite@camara.leg.br,ALEXANDRE LEITE DA SILVA,Superior,SP,São Paulo,M
160600,Arthur Oliveira Maia,36769,DEM,BA,https://www.camara.leg.br/internet/deputado/bandep/160600.jpg,dep.arthuroliveiramaia@camara.leg.br,ARTHUR DE OLIVEIRA MAIA DA SILVA,Mestrado,BA,Salvador,M
141513,Bilac Pinto,36769,DEM,MG,https://www.camara.leg.br/internet/deputado/bandep/141513.jpg,dep.bilacpinto@camara.leg.br,OLAVO BILAC PINTO NETO,Superior,RJ,Rio de Janeiro,M
178993,Carlos Henrique Gaguim,36769,DEM,TO,https://www.camara.leg.br/internet/deputado/bandep/178993.jpg,dep.carloshenriquegaguim@camara.leg.br,CARLOS HENRIQUE AMORIM,Pós-Graduação,GO,Ceres,M
204412,Dr. Zacharias Calil,36769,DEM,GO,https://www.camara.leg.br/internet/deputado/bandep/204412.jpg,dep.dr.zachariascalil@camara.leg.br,ZACARIAS CALIL HAMU,Superior,GO,Goiânia,M
141422,Efraim Filho,36769,DEM,PB,https://www.camara.leg.br/internet/deputado/bandep/141422.jpg,dep.efraimfilho@camara.leg.br,EFRAIM DE ARAÚJO MORAIS FILHO,Pós-Graduação,PB,João Pessoa,M
160532,Eli Corrêa Filho,36769,DEM,SP,https://www.camara.leg.br/internet/deputado/bandep/160532.jpg,dep.elicorreafilho@camara.leg.br,ADRIANO ELI CORRÊA,Superior,SP,São Paulo,M
178854,Elmar Nascimento,36769,DEM,BA,https://www.camara.leg.br/internet/deputado/bandep/178854.jpg,dep.elmarnascimento@camara.leg.br,ELMAR JOSE VIEIRA NASCIMENTO,Pós-Graduação,BA,Campo Formoso,M
141431,Fernando Coelho Filho,36769,DEM,PE,https://www.camara.leg.br/internet/deputado/bandep/141431.jpg,dep.fernandocoelhofilho@camara.leg.br,FERNANDO BEZERRA DE SOUZA COELHO FILHO,Superior,PE,Recife,M
204527,Geninho Zuliani,36769,DEM,SP,https://www.camara.leg.br/internet/deputado/bandep/204527.jpg,dep.geninhozuliani@camara.leg.br,EUGENIO JOSÉ ZULIANI,Superior,SP,Ribeirão Pires,M
178909,Hélio Leite,36769,DEM,PA,https://www.camara.leg.br/internet/deputado/bandep/178909.jpg,dep.helioleite@camara.leg.br,HELIO LEITE DA SILVA,Superior,PA,Castanhal,M
204564,Igor Kannário,36769,DEM,BA,https://www.camara.leg.br/internet/deputado/bandep/204564.jpg,dep.igorkannario@camara.leg.br,ANDERSON MACHADO DE JESUS,Ensino Fundamental,BA,Salvador,M
204386,Jose Mario Schreiner,36769,DEM,GO,https://www.camara.leg.br/internet/deputado/bandep/204386.jpg,dep.josemarioschreiner@camara.leg.br,JOSE MARIO SCHREINER,Ensino Técnico,SC,Porto União,M
204457,Juninho do Pneu,36769,DEM,RJ,https://www.camara.leg.br/internet/deputado/bandep/204457.jpg,dep.juninhodopneu@camara.leg.br,ROGERIO TEIXEIRA JUNIOR,Ensino Médio,RJ,Nova Iguaçu,M
178886,Juscelino Filho,36769,DEM,MA,https://www.camara.leg.br/internet/deputado/bandep/178886.jpg,dep.juscelinofilho@camara.leg.br,JOSE JUSCELINO DOS SANTOS REZENDE FILHO,Superior,MA,São Luís,M
204536,Kim Kataguiri,36769,DEM,SP,https://www.camara.leg.br/internet/deputado/bandep/204536.jpg,dep.kimkataguiri@camara.leg.br,KIM PATROCA KATAGUIRI,Superior Incompleto,SP,Salto,M
92102,Leur Lomanto Júnior,36769,DEM,BA,https://www.camara.leg.br/internet/deputado/bandep/92102.jpg,dep.leurlomantojunior@camara.leg.br,LEUR ANTONIO DE BRITTO LOMANTO JUNIOR,Superior,BA,Salvador,M
204381,Luis Miranda,36769,DEM,DF,https://www.camara.leg.br/internet/deputado/bandep/204381.jpg,dep.luismiranda@camara.leg.br,LUIS CLAUDIO FERNANDES MIRANDA,Ensino Médio,DF,Brasília,M
178943,Marcos Soares,36769,DEM,RJ,https://www.camara.leg.br/internet/deputado/bandep/178943.jpg,dep.marcossoares@camara.leg.br,MARCOS BEZERRA RIBEIRO SOARES,Superior,RJ,Rio de Janeiro,M
66179,Norma Ayub,36769,DEM,ES,https://www.camara.leg.br/internet/deputado/bandep/66179.jpg,dep.normaayub@camara.leg.br,NORMA AYUB ALVES,Superior,ES,Vitória,F
204498,Olival Marques,36769,DEM,PA,https://www.camara.leg.br/internet/deputado/bandep/204498.jpg,dep.olivalmarques@camara.leg.br,OLIVAL HENRIQUE MARQUES DE SOUZA,Superior,PA,Belém,M
178860,Paulo Azi,36769,DEM,BA,https://www.camara.leg.br/internet/deputado/bandep/178860.jpg,dep.pauloazi@camara.leg.br,PAULO VELLOSO DANTAS AZI,Superior,BA,Salvador,M
204395,Pedro Lupion,36769,DEM,PR,https://www.camara.leg.br/internet/deputado/bandep/204395.jpg,dep.pedrolupion@camara.leg.br,PEDRO DEBONI LUPION MELLO,Mestrado,PR,Curitiba,M
160639,Professora Dorinha Seabra Rezende,36769,DEM,TO,https://www.camara.leg.br/internet/deputado/bandep/160639.jpg,dep.professoradorinhaseabrarezende@camara.leg.br,MARIA AUXILIADORA SEABRA REZENDE,Mestrado,GO,Goiânia,F
178947,Sóstenes Cavalcante,36769,DEM,RJ,https://www.camara.leg.br/internet/deputado/bandep/178947.jpg,dep.sostenescavalcante@camara.leg.br,SOSTENES SILVA CAVALCANTE,Superior,AL,Maceió,M
160559,Alceu Moreira,36899,MDB,RS,https://www.camara.leg.br/internet/deputado/bandep/160559.jpg,dep.alceumoreira@camara.leg.br,ALCEU MOREIRA DA SILVA,Superior Incompleto,RS,Osório,M
178975,Baleia Rossi,36899,MDB,SP,https://www.camara.leg.br/internet/deputado/bandep/178975.jpg,dep.baleiarossi@camara.leg.br,LUIZ FELIPE BALEIA TENUTO ROSSI,Superior,SP,São Paulo,M
141401,Carlos Bezerra,36899,MDB,MT,https://www.camara.leg.br/internet/deputado/bandep/141401.jpg,dep.carlosbezerra@camara.leg.br,CARLOS GOMES BEZERRA,Superior,MT,Chapada dos Guimarães,M
204361,Carlos Chiodini,36899,MDB,SC,https://www.camara.leg.br/internet/deputado/bandep/204361.jpg,dep.carloschiodini@camara.leg.br,CARLOS ALBERTO CHIODINI,Superior,SC,Jaraguá do Sul,M
141405,Celso Maldaner,36899,MDB,SC,https://www.camara.leg.br/internet/deputado/bandep/141405.jpg,dep.celsomaldaner@camara.leg.br,CELSO MALDANER,Pós-Graduação,SC,Chapecó,M
204459,Daniela do Waguinho,36899,MDB,RJ,https://www.camara.leg.br/internet/deputado/bandep/204459.jpg,dep.danieladowaguinho@camara.leg.br,DANIELA MOTE DE SOUZA CARNEIRO,Pós-Graduação,RJ,Rio de Janeiro,F
178994,Dulce Miranda,36899,MDB,TO,https://www.camara.leg.br/internet/deputado/bandep/178994.jpg,dep.dulcemiranda@camara.leg.br,DULCE FERREIRA PAGANI MIRANDA,Superior,MG,Pocrane,F
74075,Elcione Barbalho,36899,MDB,PA,https://www.camara.leg.br/internet/deputado/bandep/74075.jpg,dep.elcionebarbalho@camara.leg.br,ELCIONE THEREZINHA ZAHLUTH BARBALHO,Pós-Graduação,PA,Belém,F
141427,Fábio Ramalho,36899,MDB,MG,https://www.camara.leg.br/internet/deputado/bandep/141427.jpg,dep.fabioramalho@camara.leg.br,FÁBIO AUGUSTO RAMALHO DOS SANTOS,Superior,DF,Brasília,M
171623,Fabio Reis,36899,MDB,SE,https://www.camara.leg.br/internet/deputado/bandep/171623.jpg,dep.fabioreis@camara.leg.br,FABIO DE ALMEIDA REIS,Superior Incompleto,SE,Lagarto,M
141434,Flaviano Melo,36899,MDB,AC,https://www.camara.leg.br/internet/deputado/bandep/141434.jpg,dep.flavianomelo@camara.leg.br,FLAVIANO FLÁVIO BAPTISTA DE MELO,Superior,AC,Rio Branco,M
178996,Giovani Feltes,36899,MDB,RS,https://www.camara.leg.br/internet/deputado/bandep/178996.jpg,dep.giovanifeltes@camara.leg.br,GIOVANI BATISTA FELTES,Superior,RS,São Leopoldo,M
204456,Gutemberg Reis,36899,MDB,RJ,https://www.camara.leg.br/internet/deputado/bandep/204456.jpg,dep.gutembergreis@camara.leg.br,GUTEMBERG REIS DE OLIVEIRA,Ensino Médio,RJ,Duque de Caxias,M
204539,Hercílio Coelho Diniz,36899,MDB,MG,https://www.camara.leg.br/internet/deputado/bandep/204539.jpg,dep.herciliocoelhodiniz@camara.leg.br,HERCÍLIO ARAÚJO DINIZ FILHO,Superior Incompleto,MG,Governador Valadares,M
178981,Herculano Passos,36899,MDB,SP,https://www.camara.leg.br/internet/deputado/bandep/178981.jpg,dep.herculanopassos@camara.leg.br,HERCULANO CASTILHO PASSOS JUNIOR,Superior Incompleto,SP,Itu,M
73772,Hermes Parcianello,36899,MDB,PR,https://www.camara.leg.br/internet/deputado/bandep/73772.jpg,dep.hermesparcianello@camara.leg.br,HERMES PARCIANELLO,Superior,PR,Goioerê,M
178884,Hildo Rocha,36899,MDB,MA,https://www.camara.leg.br/internet/deputado/bandep/178884.jpg,dep.hildorocha@camara.leg.br,HILDO AUGUSTO DA ROCHA NETO,Pós-Graduação,MA,São Luís,M
204436,Isnaldo Bulhões Jr.,36899,MDB,AL,https://www.camara.leg.br/internet/deputado/bandep/204436.jpg,dep.isnaldobulhoesjr@camara.leg.br,ISNALDO BULHOES BARROS JUNIOR,Superior,AL,Maceió,M
178839,Jéssica Sales,36899,MDB,AC,https://www.camara.leg.br/internet/deputado/bandep/178839.jpg,dep.jessicasales@camara.leg.br,JESSICA ROJAS SALES,Superior,AC,Cruzeiro do Sul,F
112437,João Marcelo Souza,36899,MDB,MA,https://www.camara.leg.br/internet/deputado/bandep/112437.jpg,dep.joaomarcelosouza@camara.leg.br,JOÃO MARCELO SANTOS SOUZA,Superior,MA,São Luís,M
74079,José Priante,36899,MDB,PA,https://www.camara.leg.br/internet/deputado/bandep/74079.jpg,dep.josepriante@camara.leg.br,JOSÉ BENITO PRIANTE JÚNIOR,Superior,PA,Belém,M
204474,Juarez Costa,36899,MDB,MT,https://www.camara.leg.br/internet/deputado/bandep/204474.jpg,dep.juarezcosta@camara.leg.br,JUAREZ ALVES DA COSTA,Ensino Médio Incompleto,PR,Londrina,M
74254,Leonardo Picciani,36899,MDB,RJ,https://www.camara.leg.br/internet/deputado/bandep/74254.jpg,dep.leonardopicciani@camara.leg.br,LEONARDO CARNEIRO MONTEIRO PICCIANI,Superior,RJ,Nilópolis,M
178954,Lucio Mosquini,36899,MDB,RO,https://www.camara.leg.br/internet/deputado/bandep/178954.jpg,dep.luciomosquini@camara.leg.br,LUCIO ANTONIO MOSQUINI,Pós-Graduação,MT,Rondonópolis,M
179001,Márcio Biolchi,36899,MDB,RS,https://www.camara.leg.br/internet/deputado/bandep/179001.jpg,dep.marciobiolchi@camara.leg.br,MARCIO DELLA VALLE BIOLCHI,Superior,RS,Carazinho,M
204431,Marcos Aurélio Sampaio,36899,MDB,PI,https://www.camara.leg.br/internet/deputado/bandep/204431.jpg,dep.marcosaureliosampaio@camara.leg.br,MARCOS AURÉLIO  PÁDUA RIBEIRO GONÇALVES DE SAMPAIO,Superior,PI,Teresina,M
74749,Mauro Lopes,36899,MDB,MG,https://www.camara.leg.br/internet/deputado/bandep/74749.jpg,dep.maurolopes@camara.leg.br,MAURO RIBEIRO LOPES,Superior,MG,Entre Folhas,M
178997,Moses Rodrigues,36899,MDB,CE,https://www.camara.leg.br/internet/deputado/bandep/178997.jpg,dep.mosesrodrigues@camara.leg.br,MOSES HAENDEL MELO RODRIGUES,Doutorado,CE,Sobral,M
178896,Newton Cardoso Jr,36899,MDB,MG,https://www.camara.leg.br/internet/deputado/bandep/178896.jpg,dep.newtoncardosojr@camara.leg.br,NEWTON CARDOSO JUNIOR,Pós-Graduação,MG,Contagem,M
73692,Osmar Terra,36899,MDB,RS,https://www.camara.leg.br/internet/deputado/bandep/73692.jpg,dep.osmarterra@camara.leg.br,OSMAR GASPARINI TERRA,Pós-Graduação,RS,Porto Alegre,M
141523,Raul Henry,36899,MDB,PE,https://www.camara.leg.br/internet/deputado/bandep/141523.jpg,dep.raulhenry@camara.leg.br,RAUL JEAN LOUIS HENRY JÚNIOR,Mestrado,PE,Recife,M
160651,Rogério Peninha Mendonça,36899,MDB,SC,https://www.camara.leg.br/internet/deputado/bandep/160651.jpg,dep.rogeriopeninhamendonca@camara.leg.br,ROGÉRIO MENDONÇA,Superior,SC,Nova Trento,M
178933,Sergio Souza,36899,MDB,PR,https://www.camara.leg.br/internet/deputado/bandep/178933.jpg,dep.sergiosouza@camara.leg.br,SERGIO DE SOUZA,Pós-Graduação,PR,Ivaiporã,M
178952,Walter Alves,36899,MDB,RN,https://www.camara.leg.br/internet/deputado/bandep/178952.jpg,dep.walteralves@camara.leg.br,WALTER PEREIRA ALVES,Mestrado Incompleto,RN,Natal,M
204528,Adriana Ventura,37901,NOVO,SP,https://www.camara.leg.br/internet/deputado/bandep/204528.jpg,dep.adrianaventura@camara.leg.br,ADRIANA MIGUEL VENTURA,Doutorado,SP,São Paulo,F
204516,Alexis Fonteyne,37901,NOVO,SP,https://www.camara.leg.br/internet/deputado/bandep/204516.jpg,dep.alexisfonteyne@camara.leg.br,Alexis Joseph Steverlynck Fonteyne,Pós-Graduação,SP,Campinas,M
204365,Gilson Marques,37901,NOVO,SC,https://www.camara.leg.br/internet/deputado/bandep/204365.jpg,dep.gilsonmarques@camara.leg.br,GILSON MARQUES VIEIRA,Pós-Graduação,SC,Rio do Sul,M
204523,Lucas Gonzalez,37901,NOVO,MG,https://www.camara.leg.br/internet/deputado/bandep/204523.jpg,dep.lucasgonzalez@camara.leg.br,LUCAS DE VASCONCELOS GONZALEZ,Pós-Graduação,MG,Belo Horizonte,M
156190,Marcel van Hattem,37901,NOVO,RS,https://www.camara.leg.br/internet/deputado/bandep/156190.jpg,dep.marcelvanhattem@camara.leg.br,MARCEL VAN HATTEM,Mestrado,RS,São Leopoldo,M
204461,Paulo Ganime,37901,NOVO,RJ,https://www.camara.leg.br/internet/deputado/bandep/204461.jpg,dep.pauloganime@camara.leg.br,PAULO GUSTAVO GANIME ALVES TEIXEIRA,Pós-Graduação,RJ,Rio de Janeiro,M
204519,Tiago Mitraud,37901,NOVO,MG,https://www.camara.leg.br/internet/deputado/bandep/204519.jpg,dep.tiagomitraud@camara.leg.br,TIAGO LIMA MITRAUD DE CASTRO LEITE,Pós-Graduação,DF,Brasília,M
204532,Vinicius Poit,37901,NOVO,SP,https://www.camara.leg.br/internet/deputado/bandep/204532.jpg,dep.viniciuspoit@camara.leg.br,VINICIUS LAZZER POIT,Superior,SP,São Bernardo do Campo,M
204413,Alcides Rodrigues,37907,PATRIOTA,GO,https://www.camara.leg.br/internet/deputado/bandep/204413.jpg,dep.alcidesrodrigues@camara.leg.br,ALCIDES RODRIGUES FILHO,Superior,GO,Santa Helena de Goiás,M
204518,Dr. Frederico,37907,PATRIOTA,MG,https://www.camara.leg.br/internet/deputado/bandep/204518.jpg,dep.dr.frederico@camara.leg.br,FREDERICO DE CASTRO ESCALEIRA,Superior,RJ,Teresópolis,M
204494,Fred Costa,37907,PATRIOTA,MG,https://www.camara.leg.br/internet/deputado/bandep/204494.jpg,dep.fredcosta@camara.leg.br,FREDERICO BORGES DA COSTA,Superior Incompleto,MG,Belo Horizonte,M
204566,Marreca Filho,37907,PATRIOTA,MA,https://www.camara.leg.br/internet/deputado/bandep/204566.jpg,dep.marrecafilho@camara.leg.br,ANTONIO DA CRUZ FILGUEIRA NETO,Superior Incompleto,MA,São Luís,M
160642,Pastor Eurico,37907,PATRIOTA,PE,https://www.camara.leg.br/internet/deputado/bandep/160642.jpg,dep.pastoreurico@camara.leg.br,FRANCISCO EURICO DA SILVA,Superior Incompleto,SP,Presidente Prudente,M
178930,Roman,37907,PATRIOTA,PR,https://www.camara.leg.br/internet/deputado/bandep/178930.jpg,dep.roman@camara.leg.br,EVANDRO ROGERIO ROMAN,Doutorado,RS,Erval Grande,M
74057,Alice Portugal,36779,PCdoB,BA,https://www.camara.leg.br/internet/deputado/bandep/74057.jpg,dep.aliceportugal@camara.leg.br,ALICE MAZZUCO PORTUGAL,Superior,BA,Salvador,F
74060,Daniel Almeida,36779,PCdoB,BA,https://www.camara.leg.br/internet/deputado/bandep/74060.jpg,dep.danielalmeida@camara.leg.br,DANIEL GOMES DE ALMEIDA,Superior,BA,Mairi,M
74848,Jandira Feghali,36779,PCdoB,RJ,https://www.camara.leg.br/internet/deputado/bandep/74848.jpg,dep.jandirafeghali@camara.leg.br,JANDIRA FEGHALI,Pós-Graduação,PR,Curitiba,F
178987,Orlando Silva,36779,PCdoB,SP,https://www.camara.leg.br/internet/deputado/bandep/178987.jpg,dep.orlandosilva@camara.leg.br,ORLANDO SILVA DE JESUS JUNIOR,Superior Incompleto,BA,Salvador,M
73943,Perpétua Almeida,36779,PCdoB,AC,https://www.camara.leg.br/internet/deputado/bandep/73943.jpg,dep.perpetuaalmeida@camara.leg.br,MARIA PERPÉTUA DE ALMEIDA,Superior Incompleto,AC,Porto Walter,F
160641,Professora Marcivania,36779,PCdoB,AP,https://www.camara.leg.br/internet/deputado/bandep/160641.jpg,dep.professoramarcivania@camara.leg.br,MARCIVANIA DO SOCORRO DA ROCHA FLEXA,Superior,AP,Macapá,F
73801,Renildo Calheiros,36779,PCdoB,PE,https://www.camara.leg.br/internet/deputado/bandep/73801.jpg,dep.renildocalheiros@camara.leg.br,RENILDO VASCONCELOS CALHEIROS,Superior,AL,Murici,M
178887,Rubens Pereira Júnior,36779,PCdoB,MA,https://www.camara.leg.br/internet/deputado/bandep/178887.jpg,dep.rubenspereirajunior@camara.leg.br,RUBENS PEREIRA E SILVA JUNIOR,Superior,MA,São Luís,M
178835,Afonso Motta,36786,PDT,RS,https://www.camara.leg.br/internet/deputado/bandep/178835.jpg,dep.afonsomotta@camara.leg.br,AFONSO ANTUNES DA MOTTA,Superior,RS,Porto Alegre,M
204571,Alex Santana,36786,PDT,BA,https://www.camara.leg.br/internet/deputado/bandep/204571.jpg,dep.alexsantana@camara.leg.br,ALEX MARCO SANTANA SOUSA,Ensino Médio,BA,Salvador,M
133439,André Figueiredo,36786,PDT,CE,https://www.camara.leg.br/internet/deputado/bandep/133439.jpg,dep.andrefigueiredo@camara.leg.br,ANDRÉ PEIXOTO FIGUEIREDO LIMA,Pós-Graduação,CE,Fortaleza,M
141439,Chico D'Angelo,36786,PDT,RJ,https://www.camara.leg.br/internet/deputado/bandep/141439.jpg,dep.chicodangelo@camara.leg.br,FRANCISCO JOSÉ D'ANGELO PINTO,Pós-Graduação,RJ,Campos dos Goytacazes,M
141411,Dagoberto Nogueira,36786,PDT,MS,https://www.camara.leg.br/internet/deputado/bandep/141411.jpg,dep.dagobertonogueira@camara.leg.br,DAGOBERTO NOGUEIRA FILHO,Superior,SP,São José do Rio Preto,M
74467,Damião Feliciano,36786,PDT,PB,https://www.camara.leg.br/internet/deputado/bandep/74467.jpg,dep.damiaofeliciano@camara.leg.br,DAMIÃO FELICIANO DA SILVA,Mestrado Incompleto,PB,Campina Grande,M
204541,Eduardo Bismarck,36786,PDT,CE,https://www.camara.leg.br/internet/deputado/bandep/204541.jpg,dep.eduardobismarck@camara.leg.br,EDUARDO HENRIQUE MAIA BISMARCK,Superior,CE,Fortaleza,M
68720,Fábio Henrique,36786,PDT,SE,https://www.camara.leg.br/internet/deputado/bandep/68720.jpg,dep.fabiohenrique@camara.leg.br,FABIO HENRIQUE SANTANA DE CARVALHO,Superior,SE,Simão Dias,M
160666,Félix Mendonça Júnior,36786,PDT,BA,https://www.camara.leg.br/internet/deputado/bandep/160666.jpg,dep.felixmendoncajunior@camara.leg.br,FELIX DE ALMEIDA MENDONÇA JÚNIOR,Superior,BA,Itabuna,M
160598,Flávia Morais,36786,PDT,GO,https://www.camara.leg.br/internet/deputado/bandep/160598.jpg,dep.flaviamorais@camara.leg.br,FLÁVIA CARREIRO ALBUQUERQUE MORAIS,Superior,MG,Belo Horizonte,F
191923,Flávio Nogueira,36786,PDT,PI,https://www.camara.leg.br/internet/deputado/bandep/191923.jpg,dep.flavionogueira@camara.leg.br,FLÁVIO RODRIGUES NOGUEIRA,Superior,CE,Alto Santo,M
73460,Gustavo Fruet,36786,PDT,PR,https://www.camara.leg.br/internet/deputado/bandep/73460.jpg,dep.gustavofruet@camara.leg.br,GUSTAVO BONATO FRUET,Superior,PR,Curitiba,M
204533,Idilvan Alencar,36786,PDT,CE,https://www.camara.leg.br/internet/deputado/bandep/204533.jpg,dep.idilvanalencar@camara.leg.br,ANTONIO IDILVAN DE LIMA ALENCAR,Mestrado,CE,Crato,M
204435,Jesus Sérgio,36786,PDT,AC,https://www.camara.leg.br/internet/deputado/bandep/204435.jpg,dep.jesussergio@camara.leg.br,JESUS SERGIO DE MENEZES,Pós-Graduação,AC,Tarauacá,M
74299,Leônidas Cristino,36786,PDT,CE,https://www.camara.leg.br/internet/deputado/bandep/74299.jpg,dep.leonidascristino@camara.leg.br,JOSÉ LEÔNIDAS DE MENEZES CRISTINO,Superior,CE,Coreaú,M
74158,Mário Heringer,36786,PDT,MG,https://www.camara.leg.br/internet/deputado/bandep/74158.jpg,dep.marioheringer@camara.leg.br,MÁRIO LÚCIO HERINGER,Superior,MG,Manhumirim,M
204403,Marlon Santos,36786,PDT,RS,https://www.camara.leg.br/internet/deputado/bandep/204403.jpg,dep.marlonsantos@camara.leg.br,MARLON ARATOR SANTOS DA ROSA,Pós-Graduação,RS,Cachoeira do Sul,M
204486,Mauro Benevides Filho,36786,PDT,CE,https://www.camara.leg.br/internet/deputado/bandep/204486.jpg,dep.maurobenevidesfilho@camara.leg.br,CARLOS MAURO BENEVIDES FILHO,Doutorado,CE,Fortaleza,M
133968,Paulo Ramos,36786,PDT,RJ,https://www.camara.leg.br/internet/deputado/bandep/133968.jpg,dep.pauloramos@camara.leg.br,Paulo Sérgio Ramos Barboza,Superior,RJ,Rio de Janeiro,M
73486,Pompeo de Mattos,36786,PDT,RS,https://www.camara.leg.br/internet/deputado/bandep/73486.jpg,dep.pompeodemattos@camara.leg.br,DARCI POMPEO DE MATTOS,Superior,RS,Santo Augusto,M
204489,Robério Monteiro,36786,PDT,CE,https://www.camara.leg.br/internet/deputado/bandep/204489.jpg,dep.roberiomonteiro@camara.leg.br,MARCOS ROBERIO RIBEIRO MONTEIRO,Ensino Fundamental,CE,Itarema,M
204360,Silvia Cristina,36786,PDT,RO,https://www.camara.leg.br/internet/deputado/bandep/204360.jpg,dep.silviacristina@camara.leg.br,SILVIA CRISTINA AMANCIO CHAGAS,Superior,RO,Ji-Paraná,F
177282,Subtenente Gonzaga,36786,PDT,MG,https://www.camara.leg.br/internet/deputado/bandep/177282.jpg,dep.subtenentegonzaga@camara.leg.br,LUIZ GONZAGA RIBEIRO,Superior,MG,Manhuaçu,M
157130,Túlio Gadêlha,36786,PDT,PE,https://www.camara.leg.br/internet/deputado/bandep/157130.jpg,dep.tuliogadelha@camara.leg.br,TÚLIO GADÊLHA SALES DE MELO,Superior,PE,Recife,M
74439,Wolney Queiroz,36786,PDT,PE,https://www.camara.leg.br/internet/deputado/bandep/74439.jpg,dep.wolneyqueiroz@camara.leg.br,WOLNEY QUEIROZ MACIEL,Superior Incompleto,PE,Caruaru,M
204554,Abílio Santana,37906,PL,BA,https://www.camara.leg.br/internet/deputado/bandep/204554.jpg,dep.abiliosantana@camara.leg.br,JOSE ABILIO SILVA DE SANTANA,Superior Incompleto,BA,Salvador,M
141372,Aelton Freitas,37906,PL,MG,https://www.camara.leg.br/internet/deputado/bandep/141372.jpg,dep.aeltonfreitas@camara.leg.br,AELTON JOSÉ DE FREITAS,Superior,MG,Iturama,M
178937,Altineu Côrtes,37906,PL,RJ,https://www.camara.leg.br/internet/deputado/bandep/178937.jpg,dep.altineucortes@camara.leg.br,ALTINEU CÔRTES FREITAS COUTINHO,Ensino Médio,RJ,Niterói,M
74052,Bosco Costa,37906,PL,SE,https://www.camara.leg.br/internet/deputado/bandep/74052.jpg,dep.boscocosta@camara.leg.br,JOÃO BOSCO DA COSTA,Superior Incompleto,SE,Itabaiana,M
178829,Capitão Augusto,37906,PL,SP,https://www.camara.leg.br/internet/deputado/bandep/178829.jpg,dep.capitaoaugusto@camara.leg.br,JOSE AUGUSTO ROSA,Mestrado,SP,Ourinhos,M
178924,Capitão Fábio Abreu,37906,PL,PI,https://www.camara.leg.br/internet/deputado/bandep/178924.jpg,dep.capitaofabioabreu@camara.leg.br,FABIO ABREU COSTA,Pós-Graduação,CE,Fortaleza,M
178928,Christiane de Souza Yared,37906,PL,PR,https://www.camara.leg.br/internet/deputado/bandep/178928.jpg,dep.christianedesouzayared@camara.leg.br,CHRISTIANE DE SOUZA YARED,Ensino Médio,PR,Curitiba,F
135054,Cristiano Vale,37906,PL,PA,https://www.camara.leg.br/internet/deputado/bandep/135054.jpg,dep.cristianovale@camara.leg.br,CRISTIANO DUTRA VALE,Secundário,MG,Manhuaçu,M
204481,Dr. Jaziel,37906,PL,CE,https://www.camara.leg.br/internet/deputado/bandep/204481.jpg,dep.dr.jaziel@camara.leg.br,JAZIEL PEREIRA DE SOUSA,Superior,CE,Camocim,M
141417,Edio Lopes,37906,PL,RR,https://www.camara.leg.br/internet/deputado/bandep/141417.jpg,dep.ediolopes@camara.leg.br,ÉDIO VIEIRA LOPES,Superior Incompleto,SP,Presidente Epitácio,M
204427,Fernando Rodolfo,37906,PL,PE,https://www.camara.leg.br/internet/deputado/bandep/204427.jpg,dep.fernandorodolfo@camara.leg.br,FERNANDO RODOLFO TENORIO DE VASCONCELOS,Superior,PE,Garanhuns,M
115746,Gelson Azevedo,37906,PL,RJ,https://www.camara.leg.br/internet/deputado/bandep/115746.jpg,dep.gelsonazevedo@camara.leg.br,GELSON DE AZEVEDO ALMEIDA,Ensino Médio Incompleto,RJ,Campos dos Goytacazes,M
74383,Giacobo,37906,PL,PR,https://www.camara.leg.br/internet/deputado/bandep/74383.jpg,dep.giacobo@camara.leg.br,FERNANDO LÚCIO GIACOBO,Superior,PR,Pato Branco,M
160673,Giovani Cherini,37906,PL,RS,https://www.camara.leg.br/internet/deputado/bandep/160673.jpg,dep.giovanicherini@camara.leg.br,GIOVANI CHERINI,Pós-Graduação,RS,Soledade,M
141458,João Carlos Bacelar,37906,PL,BA,https://www.camara.leg.br/internet/deputado/bandep/141458.jpg,dep.joaocarlosbacelar@camara.leg.br,JOÃO CARLOS PAOLILO BACELAR FILHO,Pós-Graduação,BA,Salvador,M
141459,João Maia,37906,PL,RN,https://www.camara.leg.br/internet/deputado/bandep/141459.jpg,dep.joaomaia@camara.leg.br,JOÃO DA SILVA MAIA,Superior,PB,Brejo do Cruz,M
218245,Jorielson,37906,PL,AP,https://www.camara.leg.br/internet/deputado/bandep/218245.jpg,dep.jorielson@camara.leg.br,JORIELSON BRITO NASCIMENTO,Superior,AP,Macapá,M
74554,José Rocha,37906,PL,BA,https://www.camara.leg.br/internet/deputado/bandep/74554.jpg,dep.joserocha@camara.leg.br,JOSÉ ALVES ROCHA,Pós-Graduação,BA,Coribe,M
204563,Josimar Maranhãozinho,37906,PL,MA,https://www.camara.leg.br/internet/deputado/bandep/204563.jpg,dep.josimarmaranhaozinho@camara.leg.br,JOSIMAR CUNHA RODRIGUES,Superior,CE,Várzea Alegre,M
204574,Junior Lourenço,37906,PL,MA,https://www.camara.leg.br/internet/deputado/bandep/204574.jpg,dep.juniorlourenco@camara.leg.br,JOSE LOURENÇO BOMFIM JUNIOR,Superior,MA,São Luís,M
204550,Júnior Mano,37906,PL,CE,https://www.camara.leg.br/internet/deputado/bandep/204550.jpg,dep.juniormano@camara.leg.br,ANTÔNIO LUIZ RODRIGUES MANO JÚNIOR,Superior,CE,Nova Russas,M
141478,Laerte Bessa,37906,PL,DF,https://www.camara.leg.br/internet/deputado/bandep/141478.jpg,dep.laertebessa@camara.leg.br,LAERTE RODRIGUES DE BESSA,Pós-Graduação,GO,Goiânia,M
74585,Lincoln Portela,37906,PL,MG,https://www.camara.leg.br/internet/deputado/bandep/74585.jpg,dep.lincolnportela@camara.leg.br,LINCOLN DINIZ PORTELA,Superior,MG,Belo Horizonte,M
204448,Luiz Antônio Corrêa,37906,PL,RJ,https://www.camara.leg.br/internet/deputado/bandep/204448.jpg,dep.luizantoniocorrea@camara.leg.br,LUIZ ANTONIO C. C. CORRÊA DA SILVA,Superior,RJ,Rio de Janeiro,M
204485,Luiz Carlos Motta,37906,PL,SP,https://www.camara.leg.br/internet/deputado/bandep/204485.jpg,dep.luizcarlosmotta@camara.leg.br,LUIZ CARLOS MOTTA,Superior,SP,Ribeirão Preto,M
162332,Luiz Nishimori,37906,PL,PR,https://www.camara.leg.br/internet/deputado/bandep/162332.jpg,dep.luiznishimori@camara.leg.br,LUIZ HILOSHI NISHIMORI,Superior,PR,Marialva,M
166402,Magda Mofatto,37906,PL,GO,https://www.camara.leg.br/internet/deputado/bandep/166402.jpg,dep.magdamofatto@camara.leg.br,MAGDA MOFATTO HON,Ensino Fundamental,SP,Limeira,F
204556,Marcelo Ramos,37906,PL,AM,https://www.camara.leg.br/internet/deputado/bandep/204556.jpg,dep.marceloramos@camara.leg.br,MARCELO RAMOS RODRIGUES,Superior,AM,Manaus,M
178983,Marcio Alvino,37906,PL,SP,https://www.camara.leg.br/internet/deputado/bandep/178983.jpg,dep.marcioalvino@camara.leg.br,MARCIO LUIZ ALVINO DE SOUZA,Superior,SP,São Paulo,M
204432,Marina Santos,37906,PL,PI,https://www.camara.leg.br/internet/deputado/bandep/204432.jpg,dep.marinasantos@camara.leg.br,MARINA SANTOS BATISTA DIAS,Superior,PI,Picos,F
178985,Miguel Lombardi,37906,PL,SP,https://www.camara.leg.br/internet/deputado/bandep/178985.jpg,dep.miguellombardi@camara.leg.br,MIGUEL LOMBARDI,Superior,SP,Limeira,M
204570,Pastor Gil,37906,PL,MA,https://www.camara.leg.br/internet/deputado/bandep/204570.jpg,dep.pastorgil@camara.leg.br,GILDENEMIR DE LIMA SOUSA,Superior,MA,São Luís,M
160558,Paulo Freire Costa,37906,PL,SP,https://www.camara.leg.br/internet/deputado/bandep/160558.jpg,dep.paulofreirecosta@camara.leg.br,PAULO ROBERTO FREIRE DA COSTA,Superior,SP,São Paulo,M
204529,Policial Katia Sastre,37906,PL,SP,https://www.camara.leg.br/internet/deputado/bandep/204529.jpg,dep.policialkatiasastre@camara.leg.br,KATIA DA SILVA SASTRE,Pós-Graduação,SP,São Paulo,F
160601,Pr. Marco Feliciano,37906,PL,SP,https://www.camara.leg.br/internet/deputado/bandep/160601.jpg,dep.pr.marcofeliciano@camara.leg.br,MARCO ANTÔNIO FELICIANO,Superior,SP,Orlândia,M
204567,Raimundo Costa,37906,PL,BA,https://www.camara.leg.br/internet/deputado/bandep/204567.jpg,dep.raimundocosta@camara.leg.br,RAIMUNDO MAGALHÃES COSTA,Superior,BA,Valença,M
204438,Sergio Toledo,37906,PL,AL,https://www.camara.leg.br/internet/deputado/bandep/204438.jpg,dep.sergiotoledo@camara.leg.br,SERGIO TOLEDO DE ALBUQUERQUE,Superior,AL,Maceió,M
178946,Soraya Santos,37906,PL,RJ,https://www.camara.leg.br/internet/deputado/bandep/178946.jpg,dep.sorayasantos@camara.leg.br,SORAYA ALENCAR DOS SANTOS,Superior,RJ,Macaé,F
160976,Tiririca,37906,PL,SP,https://www.camara.leg.br/internet/deputado/bandep/160976.jpg,dep.tiririca@camara.leg.br,FRANCISCO EVERARDO TIRIRICA OLIVEIRA SILVA,Ensino Fundamental,CE,Itapipoca,M
204385,Valdevan Noventa,37906,PL,SE,https://www.camara.leg.br/internet/deputado/bandep/204385.jpg,dep.valdevannoventa@camara.leg.br,José Valdevan de Jesus Santos,Ensino Médio,SE,Estância,M
137070,Vicentinho Júnior,37906,PL,TO,https://www.camara.leg.br/internet/deputado/bandep/137070.jpg,dep.vicentinhojunior@camara.leg.br,VICENTE ALVES DE OLIVEIRA JUNIOR,Superior Incompleto,GO,Goiânia,M
74043,Wellington Roberto,37906,PL,PB,https://www.camara.leg.br/internet/deputado/bandep/74043.jpg,dep.wellingtonroberto@camara.leg.br,JOSÉ WELLINGTON ROBERTO,Superior Incompleto,PB,São José de Piranhas,M
204517,Zé Vitor,37906,PL,MG,https://www.camara.leg.br/internet/deputado/bandep/204517.jpg,dep.zevitor@camara.leg.br,JOSE VITOR DE RESENDE AGUIAR,Superior,MG,Araguari,M
69871,Bacelar,36896,PODE,BA,https://www.camara.leg.br/internet/deputado/bandep/69871.jpg,dep.bacelar@camara.leg.br,JOAO CARLOS BACELAR BATISTA,Mestrado,BA,Esplanada,M
178929,Diego Garcia,36896,PODE,PR,https://www.camara.leg.br/internet/deputado/bandep/178929.jpg,dep.diegogarcia@camara.leg.br,DIEGO ALEXSANDER GONCALO PAULA GARCIA,Superior,PR,Bandeirantes,M
204508,Igor Timo,36896,PODE,MG,https://www.camara.leg.br/internet/deputado/bandep/204508.jpg,dep.igortimo@camara.leg.br,IGOR TARCIANO TIMO,Superior Incompleto,MG,Virgem da Lapa,M
204472,José Medeiros,36896,PODE,MT,https://www.camara.leg.br/internet/deputado/bandep/204472.jpg,dep.josemedeiros@camara.leg.br,JOSE ANTONIO DOS SANTOS MEDEIROS,Superior,RN,Caicó,M
204391,José Nelto,36896,PODE,GO,https://www.camara.leg.br/internet/deputado/bandep/204391.jpg,dep.josenelto@camara.leg.br,JOSÉ NELTO LAGARES DAS MERCEZ,Superior,MG,Tiros,M
215043,Josivaldo JP,36896,PODE,MA,https://www.camara.leg.br/internet/deputado/bandep/215043.jpg,dep.josivaldojp@camara.leg.br,JOSIVALDO DOS SANTOS MELO,Ensino Médio,PA,Jacundá,M
204359,Léo Moraes,36896,PODE,RO,https://www.camara.leg.br/internet/deputado/bandep/204359.jpg,dep.leomoraes@camara.leg.br,LEONARDO BARRETO DE MORAES,Mestrado Incompleto,PR,Foz do Iguaçu,M
178989,Renata Abreu,36896,PODE,SP,https://www.camara.leg.br/internet/deputado/bandep/178989.jpg,dep.renataabreu@camara.leg.br,RENATA HELLMEISTER DE ABREU,Superior,SP,São Paulo,F
178920,Ricardo Teobaldo,36896,PODE,PE,https://www.camara.leg.br/internet/deputado/bandep/178920.jpg,dep.ricardoteobaldo@camara.leg.br,RICARDO TEOBALDO CAVALCANTI,Ensino Médio,PE,Limoeiro,M
160653,Roberto de Lucena,36896,PODE,SP,https://www.camara.leg.br/internet/deputado/bandep/160653.jpg,dep.robertodelucena@camara.leg.br,ROBERTO ALVES DE LUCENA,Superior,SP,Santa Isabel,M
204366,Rodrigo Coelho,36896,PODE,SC,https://www.camara.leg.br/internet/deputado/bandep/204366.jpg,dep.rodrigocoelho@camara.leg.br,RODRIGO COELHO,Pós-Graduação,SC,Joinville,M
121948,Adriano do Baldy,37903,PP,GO,https://www.camara.leg.br/internet/deputado/bandep/121948.jpg,dep.adrianodobaldy@camara.leg.br,ADRIANO ANTÔNIO AVELAR,Superior Incompleto,GO,Goiás,M
136811,Afonso Hamm,37903,PP,RS,https://www.camara.leg.br/internet/deputado/bandep/136811.jpg,dep.afonsohamm@camara.leg.br,JOSÉ ALFONSO EBERT HAMM,Superior,RS,Hulha Negra,M
160527,Aguinaldo Ribeiro,37903,PP,PB,https://www.camara.leg.br/internet/deputado/bandep/160527.jpg,dep.aguinaldoribeiro@camara.leg.br,AGUINALDO VELLOSO BORGES RIBEIRO,Pós-Graduação,PB,Campina Grande,M
204549,AJ Albuquerque,37903,PP,CE,https://www.camara.leg.br/internet/deputado/bandep/204549.jpg,dep.ajalbuquerque@camara.leg.br,ANTONIO JOSE AGUIAR ALBUQUERQUE,Superior,CE,Fortaleza,M
178831,André Abdon,37903,PP,AP,https://www.camara.leg.br/internet/deputado/bandep/178831.jpg,dep.andreabdon@camara.leg.br,ANDRE DOS SANTOS ABDON,Superior,PA,Belém,M
178882,André Fufuca,37903,PP,MA,https://www.camara.leg.br/internet/deputado/bandep/178882.jpg,dep.andrefufuca@camara.leg.br,ANDRE LUIZ CARVALHO RIBEIRO,Superior,MA,Santa Inês,M
73696,Angela Amin,37903,PP,SC,https://www.camara.leg.br/internet/deputado/bandep/73696.jpg,dep.angelaamin@camara.leg.br,ANGELA REGINA HEINZEN AMIN HELOU,Doutorado,SC,Indaial,F
160541,Arthur Lira,37903,PP,AL,https://www.camara.leg.br/internet/deputado/bandep/160541.jpg,dep.arthurlira@camara.leg.br,ARTHUR CÉSAR PEREIRA DE LIRA,Superior,AL,Maceió,M
74090,Átila Lins,37903,PP,AM,https://www.camara.leg.br/internet/deputado/bandep/74090.jpg,dep.atilalins@camara.leg.br,ÁTILA SIDNEY LINS ALBUQUERQUE,Superior,AM,Fonte Boa,M
74459,Átila Lira,37903,PP,PI,https://www.camara.leg.br/internet/deputado/bandep/74459.jpg,dep.atilalira@camara.leg.br,ÁTILA FREITAS LIRA,Pós-Graduação,PI,Piripiri,M
178948,Beto Rosado,37903,PP,RN,https://www.camara.leg.br/internet/deputado/bandep/178948.jpg,dep.betorosado@camara.leg.br,CARLOS ALBERTO DE SOUSA ROSADO SEGUNDO,Pós-Graduação,RN,Mossoró,M
93083,Cacá Leão,37903,PP,BA,https://www.camara.leg.br/internet/deputado/bandep/93083.jpg,dep.cacaleao@camara.leg.br,CARLOS FELIPE VAZQUEZ DE SOUZA LEÃO,Pós-Graduação,BA,Salvador,M
204380,Celina Leão,37903,PP,DF,https://www.camara.leg.br/internet/deputado/bandep/204380.jpg,dep.celinaleao@camara.leg.br,CELINA LEAO HIZIM FERREIRA,Pós-Graduação,GO,Goiânia,F
204440,Christino Aureo,37903,PP,RJ,https://www.camara.leg.br/internet/deputado/bandep/204440.jpg,dep.christinoaureo@camara.leg.br,CHRISTINO AUREO DA SILVA,Pós-Graduação,RJ,Macaé,M
74537,Claudio Cajado,37903,PP,BA,https://www.camara.leg.br/internet/deputado/bandep/74537.jpg,dep.claudiocajado@camara.leg.br,CLÁUDIO CAJADO SAMPAIO,Superior,BA,Salvador,M
178963,Covatti Filho,37903,PP,RS,https://www.camara.leg.br/internet/deputado/bandep/178963.jpg,dep.covattifilho@camara.leg.br,LUIS ANTONIO FRANCISCATTO COVATTI,Superior,RS,Frederico Westphalen,M
160599,Dimas Fabiano,37903,PP,MG,https://www.camara.leg.br/internet/deputado/bandep/160599.jpg,dep.dimasfabiano@camara.leg.br,DIMAS FABIANO TOLEDO JÚNIOR,Superior,RJ,Macaé,M
204450,Dr. Luiz Antonio Teixeira Jr.,37903,PP,RJ,https://www.camara.leg.br/internet/deputado/bandep/204450.jpg,dep.dr.luizantonioteixeirajr@camara.leg.br,LUIZ ANTONIO DE SOUZA TEIXEIRA JÚNIOR,Superior,RJ,Nova Iguaçu,M
141421,Eduardo da Fonte,37903,PP,PE,https://www.camara.leg.br/internet/deputado/bandep/141421.jpg,dep.eduardodafonte@camara.leg.br,EDUARDO HENRIQUE DA FONTE DE ALBUQUERQUE SILVA,Ensino Médio,PE,Recife,M
178871,Evair Vieira de Melo,37903,PP,ES,https://www.camara.leg.br/internet/deputado/bandep/178871.jpg,dep.evairvieirademelo@camara.leg.br,EVAIR VIEIRA DE MELO,Pós-Graduação,ES,Conceição do Castelo,M
66828,Fausto Pinato,37903,PP,SP,https://www.camara.leg.br/internet/deputado/bandep/66828.jpg,dep.faustopinato@camara.leg.br,FAUSTO RUY PINATO,Superior,SP,Fernandópolis,M
92699,Fernando Monteiro,37903,PP,PE,https://www.camara.leg.br/internet/deputado/bandep/92699.jpg,dep.fernandomonteiro@camara.leg.br,FERNANDO MONTEIRO DE ALBUQUERQUE,Superior,PE,Recife,M
204510,Franco Cartafina,37903,PP,MG,https://www.camara.leg.br/internet/deputado/bandep/204510.jpg,dep.francocartafina@camara.leg.br,FRANCO CARTAFINA GOMES,Pós-Graduação,MG,Uberaba,M
204531,Guilherme Derrite,37903,PP,SP,https://www.camara.leg.br/internet/deputado/bandep/204531.jpg,dep.guilhermederrite@camara.leg.br,GUILHERME MURARO DERRITE,Pós-Graduação,SP,Sorocaba,M
160667,Guilherme Mussi,37903,PP,SP,https://www.camara.leg.br/internet/deputado/bandep/160667.jpg,dep.guilhermemussi@camara.leg.br,GUILHERME MUSSI FERREIRA,Superior,PR,Curitiba,M
178959,Hiran Gonçalves,37903,PP,RR,https://www.camara.leg.br/internet/deputado/bandep/178959.jpg,dep.hirangoncalves@camara.leg.br,HIRAN MANUEL GONCALVES DA SILVA,Superior,AM,Tefé,M
67138,Iracema Portella,37903,PP,PI,https://www.camara.leg.br/internet/deputado/bandep/67138.jpg,dep.iracemaportella@camara.leg.br,IRACEMA MARIA PORTELLA NUNES NOGUEIRA LIMA,Superior,PI,Teresina,F
108338,Jaqueline Cassol,37903,PP,RO,https://www.camara.leg.br/internet/deputado/bandep/108338.jpg,dep.jaquelinecassol@camara.leg.br,DIRLAINE JAQUELINE CASSOL,Pós-Graduação,SC,São Miguel do Oeste,F
160570,Jerônimo Goergen,37903,PP,RS,https://www.camara.leg.br/internet/deputado/bandep/160570.jpg,dep.jeronimogoergen@camara.leg.br,JERÔNIMO PIZZOLOTTO GOERGEN,Superior,RS,Palmeira das Missões,M
74253,Julio Lopes,37903,PP,RJ,https://www.camara.leg.br/internet/deputado/bandep/74253.jpg,dep.juliolopes@camara.leg.br,JULIO LUIZ BAPTISTA LOPES,Superior,RJ,Rio de Janeiro,M
151208,Laercio Oliveira,37903,PP,SE,https://www.camara.leg.br/internet/deputado/bandep/151208.jpg,dep.laerciooliveira@camara.leg.br,LAERCIO JOSÉ DE OLIVEIRA,Pós-Graduação,PE,Recife,M
146788,Marcelo Aro,37903,PP,MG,https://www.camara.leg.br/internet/deputado/bandep/146788.jpg,dep.marceloaro@camara.leg.br,MARCELO GUILHERME DE ARO FERREIRA,Superior,MG,Belo Horizonte,M
204430,Margarete Coelho,37903,PP,PI,https://www.camara.leg.br/internet/deputado/bandep/204430.jpg,dep.margaretecoelho@camara.leg.br,MARGARETE DE CASTRO COELHO,Doutorado Incompleto,PI,São Raimundo Nonato,F
178858,Mário Negromonte Jr.,37903,PP,BA,https://www.camara.leg.br/internet/deputado/bandep/178858.jpg,dep.marionegromontejr@camara.leg.br,MARIO S. M. NEGROMONTE JR.,Superior,BA,Paulo Afonso,M
146307,Neri Geller,37903,PP,MT,https://www.camara.leg.br/internet/deputado/bandep/146307.jpg,dep.nerigeller@camara.leg.br,NERI GELLER,Secundário,RS,Selbach,M
73463,Osmar Serraglio,37903,PP,PR,https://www.camara.leg.br/internet/deputado/bandep/73463.jpg,dep.osmarserraglio@camara.leg.br,OSMAR JOSÉ SERRAGLIO,Mestrado,RS,Erechim,M
204406,Pedro Westphalen,37903,PP,RS,https://www.camara.leg.br/internet/deputado/bandep/204406.jpg,dep.pedrowestphalen@camara.leg.br,PEDRO BANDARRA WESTPHALEN,Superior,RS,Cruz Alta,M
204524,Pinheirinho,37903,PP,MG,https://www.camara.leg.br/internet/deputado/bandep/204524.jpg,dep.pinheirinho@camara.leg.br,ANTÔNIO PINHEIRO NETO,Superior,MG,Belo Horizonte,M
204390,Professor Alcides,37903,PP,GO,https://www.camara.leg.br/internet/deputado/bandep/204390.jpg,dep.professoralcides@camara.leg.br,ALCIDES RIBEIRO FILHO,Mestrado,BA,Remanso,M
73788,Ricardo Barros,37903,PP,PR,https://www.camara.leg.br/internet/deputado/bandep/73788.jpg,dep.ricardobarros@camara.leg.br,RICARDO JOSÉ MAGALHÃES BARROS,Superior,PR,Maringá,M
160655,Ricardo Izar,37903,PP,SP,https://www.camara.leg.br/internet/deputado/bandep/160655.jpg,dep.ricardoizar@camara.leg.br,RICARDO IZAR JUNIOR,Superior,SP,São Paulo,M
178861,Ronaldo Carletto,37903,PP,BA,https://www.camara.leg.br/internet/deputado/bandep/178861.jpg,dep.ronaldocarletto@camara.leg.br,RONALDO CARLETTO,Ensino Médio,ES,Conceição da Barra,M
204379,Acácio Favacho,36763,PROS,AP,https://www.camara.leg.br/internet/deputado/bandep/204379.jpg,dep.acaciofavacho@camara.leg.br,ACÁCIO DA SILVA FAVACHO NETO,Superior,AP,Macapá,M
204487,Capitão Wagner,36763,PROS,CE,https://www.camara.leg.br/internet/deputado/bandep/204487.jpg,dep.capitaowagner@camara.leg.br,WAGNER SOUSA GOMES,Superior,SP,SAO PAULO,M
213762,Carla Dickson,36763,PROS,RN,https://www.camara.leg.br/internet/deputado/bandep/213762.jpg,dep.carladickson@camara.leg.br,HILKEA CARLA DE SOUZA MEDEIROS LIMA,Superior,PA,Belém,F
178939,Clarissa Garotinho,36763,PROS,RJ,https://www.camara.leg.br/internet/deputado/bandep/178939.jpg,dep.clarissagarotinho@camara.leg.br,CLARISSA BARROS ASSED MATHEUS DE OLIVEIRA,Superior,RJ,Campos dos Goytacazes,F
160640,Eros Biondini,36763,PROS,MG,https://www.camara.leg.br/internet/deputado/bandep/160640.jpg,dep.erosbiondini@camara.leg.br,EROS FERREIRA BIONDINI,Pós-Graduação,MG,Belo Horizonte,M
74200,Gastão Vieira,36763,PROS,MA,https://www.camara.leg.br/internet/deputado/bandep/74200.jpg,dep.gastaovieira@camara.leg.br,GASTÃO DIAS VIEIRA,Superior,MA,São Luís,M
178934,Toninho Wandscheer,36763,PROS,PR,https://www.camara.leg.br/internet/deputado/bandep/178934.jpg,dep.toninhowandscheer@camara.leg.br,ANTONIO WANDSCHEER,Superior,PR,Foz do Iguaçu,M
178863,Uldurico Junior,36763,PROS,BA,https://www.camara.leg.br/internet/deputado/bandep/178863.jpg,dep.ulduricojunior@camara.leg.br,ULDURICO ALENCAR PINTO,Superior,DF,Brasília,M
195866,Vaidon Oliveira,36763,PROS,CE,https://www.camara.leg.br/internet/deputado/bandep/195866.jpg,dep.vaidonoliveira@camara.leg.br,FRANCISCO VAIDON OLIVEIRA,Ensino Médio,CE,Acaraú,M
160518,Weliton Prado,36763,PROS,MG,https://www.camara.leg.br/internet/deputado/bandep/160518.jpg,dep.welitonprado@camara.leg.br,WELITON FERNANDES PRADO,Superior,MG,Uberlândia,M
160511,Alessandro Molon,36832,PSB,RJ,https://www.camara.leg.br/internet/deputado/bandep/160511.jpg,dep.alessandromolon@camara.leg.br,ALESSANDRO LUCCIOLA MOLON,Mestrado,MG,Belo Horizonte,M
178927,Aliel Machado,36832,PSB,PR,https://www.camara.leg.br/internet/deputado/bandep/178927.jpg,dep.alielmachado@camara.leg.br,ALIEL MACHADO BARK,Superior Incompleto,PR,Ponta Grossa,M
204561,Bira do Pindaré,36832,PSB,MA,https://www.camara.leg.br/internet/deputado/bandep/204561.jpg,dep.biradopindare@camara.leg.br,UBIRAJARA DO PINDARÉ ALMEIDA SOUSA,Mestrado,MA,Pindaré Mirim,M
204352,Camilo Capiberibe,36832,PSB,AP,https://www.camara.leg.br/internet/deputado/bandep/204352.jpg,dep.camilocapiberibe@camara.leg.br,CARLOS CAMILO GÓES CAPIBERIBE,Superior,,Santiago,M
204499,Cássio Andrade,36832,PSB,PA,https://www.camara.leg.br/internet/deputado/bandep/204499.jpg,dep.cassioandrade@camara.leg.br,CASSIO COELHO ANDRADE,Superior,BA,Salvador,M
160528,Danilo Cabral,36832,PSB,PE,https://www.camara.leg.br/internet/deputado/bandep/160528.jpg,dep.danilocabral@camara.leg.br,DANILO JORGE DE BARROS CABRAL,Pós-Graduação,PE,Surubim,M
204542,Denis Bezerra,36832,PSB,CE,https://www.camara.leg.br/internet/deputado/bandep/204542.jpg,dep.denisbezerra@camara.leg.br,DENIS ANDERSON DA ROCHA BEZERRA,Superior,CE,Fortaleza,M
204389,Elias Vaz,36832,PSB,GO,https://www.camara.leg.br/internet/deputado/bandep/204389.jpg,dep.eliasvaz@camara.leg.br,ELIAS VAZ DE ANDRADE,Superior,GO,Goiânia,M
161550,Emidinho Madeira,36832,PSB,MG,https://www.camara.leg.br/internet/deputado/bandep/161550.jpg,dep.emidinhomadeira@camara.leg.br,EMIDIO ALVES MADEIRA JUNIOR,Ensino Fundamental,MG,Nova Resende,M
72442,Felipe Carreras,36832,PSB,PE,https://www.camara.leg.br/internet/deputado/bandep/72442.jpg,dep.felipecarreras@camara.leg.br,FELIPE AUGUSTO LYRA CARRERAS,Superior Incompleto,PE,Recife,M
204371,Felipe Rigoni,36832,PSB,ES,https://www.camara.leg.br/internet/deputado/bandep/204371.jpg,dep.feliperigoni@camara.leg.br,FELIPE RIGONI LOPES,Mestrado,ES,Linhares,M
204394,Gervásio Maia,36832,PSB,PB,https://www.camara.leg.br/internet/deputado/bandep/204394.jpg,dep.gervasiomaia@camara.leg.br,GERVÁSIO AGRIPINO MAIA,Superior,SP,São Paulo,M
74419,Gonzaga Patriota,36832,PSB,PE,https://www.camara.leg.br/internet/deputado/bandep/74419.jpg,dep.gonzagapatriota@camara.leg.br,LUIZ GONZAGA PATRIOTA,Doutorado,PE,Sertânia,M
178964,Heitor Schuch,36832,PSB,RS,https://www.camara.leg.br/internet/deputado/bandep/178964.jpg,dep.heitorschuch@camara.leg.br,HEITOR JOSE SCHUCH,Superior Incompleto,RS,Santa Cruz do Sul,M
74273,Jefferson Campos,36832,PSB,SP,https://www.camara.leg.br/internet/deputado/bandep/74273.jpg,dep.jeffersoncampos@camara.leg.br,JEFFERSON ALVES DE CAMPOS,Superior,SP,Ourinhos,M
73586,Júlio Delgado,36832,PSB,MG,https://www.camara.leg.br/internet/deputado/bandep/73586.jpg,dep.juliodelgado@camara.leg.br,JÚLIO CÉSAR DELGADO,Pós-Graduação,MG,Juiz de Fora,M
139285,Lídice da Mata,36832,PSB,BA,https://www.camara.leg.br/internet/deputado/bandep/139285.jpg,dep.lidicedamata@camara.leg.br,LÍDICE DA MATA E SOUZA,Superior,BA,Cachoeira,F
204405,Liziane Bayer,36832,PSB,RS,https://www.camara.leg.br/internet/deputado/bandep/204405.jpg,dep.lizianebayer@camara.leg.br,LIZIANE BAYER DA COSTA,Superior Incompleto,RS,São Pedro do Sul,F
178931,Luciano Ducci,36832,PSB,PR,https://www.camara.leg.br/internet/deputado/bandep/178931.jpg,dep.lucianoducci@camara.leg.br,LUCIANO DUCCI,Superior,PR,Curitiba,M
76874,Marcelo Freixo,36832,PSB,RJ,https://www.camara.leg.br/internet/deputado/bandep/76874.jpg,dep.marcelofreixo@camara.leg.br,MARCELO RIBEIRO FREIXO,Superior,RJ,Niterói,M
204558,Marcelo Nilo,36832,PSB,BA,https://www.camara.leg.br/internet/deputado/bandep/204558.jpg,dep.marcelonilo@camara.leg.br,JOSÉ MARCELO DO NASCIMENTO NILO,Superior,BA,Antas,M
141508,Mauro Nazif,36832,PSB,RO,https://www.camara.leg.br/internet/deputado/bandep/141508.jpg,dep.mauronazif@camara.leg.br,MAURO NAZIF RASUL,Superior,RJ,Barra do Piraí,M
92172,Milton Coelho,36832,PSB,PE,https://www.camara.leg.br/internet/deputado/bandep/92172.jpg,dep.miltoncoelho@camara.leg.br,MILTON COELHO DA SILVA NETO,Superior,MA,Codó,M
178951,Rafael Motta,36832,PSB,RN,https://www.camara.leg.br/internet/deputado/bandep/178951.jpg,dep.rafaelmotta@camara.leg.br,RAFAEL HUETE DA MOTTA,Superior,RN,Natal,M
213274,Ricardo Silva,36832,PSB,SP,https://www.camara.leg.br/internet/deputado/bandep/213274.jpg,dep.ricardosilva@camara.leg.br,RICARDO AUGUSTO MACHADO DA SILVA,Superior,SP,Ribeirão Preto,M
204530,Rodrigo Agostinho,36832,PSB,SP,https://www.camara.leg.br/internet/deputado/bandep/204530.jpg,dep.rodrigoagostinho@camara.leg.br,RODRIGO ANTONIO DE AGOSTINHO MENDONÇA,Mestrado,SP,Cafelândia,M
204525,Rosana Valle,36832,PSB,SP,https://www.camara.leg.br/internet/deputado/bandep/204525.jpg,dep.rosanavalle@camara.leg.br,ROSANA DE OLIVEIRA VALLE,Superior,SP,Santos,F
204534,Tabata Amaral,36832,PSB,SP,https://www.camara.leg.br/internet/deputado/bandep/204534.jpg,dep.tabataamaral@camara.leg.br,TABATA CLAUDIA AMARAL DE PONTES,Superior,SP,São Paulo,F
178922,Tadeu Alencar,36832,PSB,PE,https://www.camara.leg.br/internet/deputado/bandep/178922.jpg,dep.tadeualencar@camara.leg.br,FRANCISCO TADEU BARBOSA DE ALENCAR,Superior,CE,Juazeiro do Norte,M
206231,Ted Conti,36832,PSB,ES,https://www.camara.leg.br/internet/deputado/bandep/206231.jpg,dep.tedconti@camara.leg.br,JOÃO BATISTA CONTI,Superior,ES,Muqui,M
204483,Vilson da Fetaemg,36832,PSB,MG,https://www.camara.leg.br/internet/deputado/bandep/204483.jpg,dep.vilsondafetaemg@camara.leg.br,VILSON LUIZ DA SILVA,Ensino Médio,MG,Cláudio,M
178881,Aluisio Mendes,36833,PSC,MA,https://www.camara.leg.br/internet/deputado/bandep/178881.jpg,dep.aluisiomendes@camara.leg.br,ALUISIO GUIMARAES MENDES FILHO,Superior,MG,Belo Horizonte,M
204423,André Ferreira,36833,PSC,PE,https://www.camara.leg.br/internet/deputado/bandep/204423.jpg,dep.andreferreira@camara.leg.br,ANDRÉ FERREIRA RODRIGUES,Superior,PE,Recife,M
204482,Euclydes Pettersen,36833,PSC,MG,https://www.camara.leg.br/internet/deputado/bandep/204482.jpg,dep.euclydespettersen@camara.leg.br,EUCLYDES MARCOS PETTERSEN NETO,Superior,MG,Governador Valadares,M
74270,Gilberto Nascimento,36833,PSC,SP,https://www.camara.leg.br/internet/deputado/bandep/74270.jpg,dep.gilbertonascimento@camara.leg.br,GILBERTO NASCIMENTO SILVA,Superior,SP,São Paulo,M
204419,Glaustin da Fokus,36833,PSC,GO,https://www.camara.leg.br/internet/deputado/bandep/204419.jpg,dep.glaustindafokus@camara.leg.br,GLAUSKSTON BATISTA RIOS,Superior,GO,Goiânia,M
160534,Lauriete,36833,PSC,ES,https://www.camara.leg.br/internet/deputado/bandep/160534.jpg,dep.lauriete@camara.leg.br,LAURIETE RODRIGUES DE JESUS,Ensino Médio,ES,Vila Velha,F
204363,Osires Damaso,36833,PSC,TO,https://www.camara.leg.br/internet/deputado/bandep/204363.jpg,dep.osiresdamaso@camara.leg.br,OSIRES RODRIGUES DAMASO,Ensino Médio,GO,Campinorte,M
204441,Otoni de Paula,36833,PSC,RJ,https://www.camara.leg.br/internet/deputado/bandep/204441.jpg,dep.otonidepaula@camara.leg.br,OTONI MOURA DE PAULO JUNIOR,Superior Incompleto,RJ,Rio de Janeiro,M
193726,Paulo Eduardo Martins,36833,PSC,PR,https://www.camara.leg.br/internet/deputado/bandep/193726.jpg,dep.pauloeduardomartins@camara.leg.br,PAULO EDUARDO LIMA MARTINS,Superior,SP,Presidente Venceslau,M
217330,Pedro Dalua,36833,PSC,AP,https://www.camara.leg.br/internet/deputado/bandep/217330.jpg,dep.pedrodalua@camara.leg.br,PEDRO DOS SANTOS MARTINS,Ensino Médio,PA,Belém,M
215042,Ricardo da Karol,36833,PSC,RJ,https://www.camara.leg.br/internet/deputado/bandep/215042.jpg,dep.ricardodakarol@camara.leg.br,RICARDO CORREA DE BARROS,Ensino Médio,RJ,Magé,M
74471,André de Paula,36834,PSD,PE,https://www.camara.leg.br/internet/deputado/bandep/74471.jpg,dep.andredepaula@camara.leg.br,ANDRÉ CARLOS ALVES DE PAULA FILHO,Superior,PE,Recife,M
160553,Antonio Brito,36834,PSD,BA,https://www.camara.leg.br/internet/deputado/bandep/160553.jpg,dep.antoniobrito@camara.leg.br,ANTONIO LUIZ PARANHOS RIBEIRO LEITE DE BRITO,Pós-Graduação,BA,Salvador,M
204504,Cezinha de Madureira,36834,PSD,SP,https://www.camara.leg.br/internet/deputado/bandep/204504.jpg,dep.cezinhademadureira@camara.leg.br,ANTONIO CEZAR CORREIA FREIRE,Superior,BA,Ipiaú,M
205476,Charles Fernandes,36834,PSD,BA,https://www.camara.leg.br/internet/deputado/bandep/205476.jpg,dep.charlesfernandes@camara.leg.br,CHARLES FERNANDES SILVEIRA SANTANA,Superior,BA,Guanambi,M
116379,Darci de Matos,36834,PSD,SC,https://www.camara.leg.br/internet/deputado/bandep/116379.jpg,dep.darcidematos@camara.leg.br,DARCI DE MATOS,Superior,PR,Cafelândia,M
178908,Delegado Éder Mauro,36834,PSD,PA,https://www.camara.leg.br/internet/deputado/bandep/178908.jpg,dep.delegadoedermauro@camara.leg.br,EDER MAURO CARDOSO BARRA,Superior,PA,Belém,M
160588,Diego Andrade,36834,PSD,MG,https://www.camara.leg.br/internet/deputado/bandep/160588.jpg,dep.diegoandrade@camara.leg.br,DIEGO LEONARDO DE ANDRADE CARVALHO,Pós-Graduação,MG,Belo Horizonte,M
143632,Domingos Neto,36834,PSD,CE,https://www.camara.leg.br/internet/deputado/bandep/143632.jpg,dep.domingosneto@camara.leg.br,DOMINGOS GOMES DE AGUIAR NETO,Mestrado Incompleto,CE,Fortaleza,M
204562,Edilázio Júnior,36834,PSD,MA,https://www.camara.leg.br/internet/deputado/bandep/204562.jpg,dep.edilaziojunior@camara.leg.br,EDILAZIO GOMES DA SILVA JUNIOR,Pós-Graduação,MA,São Luís,M
178953,Expedito Netto,36834,PSD,RO,https://www.camara.leg.br/internet/deputado/bandep/178953.jpg,dep.expeditonetto@camara.leg.br,EXPEDITO GONCALVES FERREIRA NETTO,Mestrado Incompleto,RO,Porto Velho,M
178969,Fábio Mitidieri,36834,PSD,SE,https://www.camara.leg.br/internet/deputado/bandep/178969.jpg,dep.fabiomitidieri@camara.leg.br,FABIO CRUZ MITIDIERI,Superior,SE,Aracaju,M
160587,Fábio Trad,36834,PSD,MS,https://www.camara.leg.br/internet/deputado/bandep/160587.jpg,dep.fabiotrad@camara.leg.br,FÁBIO RICARDO TRAD,Mestrado,MS,Campo Grande,M
204392,Francisco Jr.,36834,PSD,GO,https://www.camara.leg.br/internet/deputado/bandep/204392.jpg,dep.franciscojr@camara.leg.br,FRANCISCO RODRIGUES VALE JUNIOR,Mestrado,GO,Goiânia,M
204465,Haroldo Cathedral,36834,PSD,RR,https://www.camara.leg.br/internet/deputado/bandep/204465.jpg,dep.haroldocathedral@camara.leg.br,HAROLDO ALVES CAMPOS,Pós-Graduação,MG,Itabira,M
141450,Hugo Leal,36834,PSD,RJ,https://www.camara.leg.br/internet/deputado/bandep/141450.jpg,dep.hugoleal@camara.leg.br,HUGO LEAL MELO DA SILVA,Pós-Graduação,MG,Ouro Fino,M
178910,Joaquim Passarinho,36834,PSD,PA,https://www.camara.leg.br/internet/deputado/bandep/178910.jpg,dep.joaquimpassarinho@camara.leg.br,JOAQUIM PASSARINHO PINTO DE SOUZA PORTO,Superior,PA,Belém,M
217480,Jones Moura,36834,PSD,RJ,https://www.camara.leg.br/internet/deputado/bandep/217480.jpg,dep.jonesmoura@camara.leg.br,JONES BARBOSA DE MOURA,,RJ,Rio de Janeiro,M
160619,José Nunes,36834,PSD,BA,https://www.camara.leg.br/internet/deputado/bandep/160619.jpg,dep.josenunes@camara.leg.br,JOSÉ NUNES SOARES,Superior,PE,Belém de São Francisco,M
74317,Júlio Cesar,36834,PSD,PI,https://www.camara.leg.br/internet/deputado/bandep/74317.jpg,dep.juliocesar@camara.leg.br,JÚLIO CÉSAR DE CARVALHO LIMA,Superior,PI,Guadalupe,M
204497,Júnior Ferrari,36834,PSD,PA,https://www.camara.leg.br/internet/deputado/bandep/204497.jpg,dep.juniorferrari@camara.leg.br,JOÃO FERRARI JÚNIOR,Superior,PA,Oriximiná,M
204522,Marco Bertaiolli,36834,PSD,SP,https://www.camara.leg.br/internet/deputado/bandep/204522.jpg,dep.marcobertaiolli@camara.leg.br,MARCO AURELIO BERTAIOLLI,Mestrado,SP,Mogi das Cruzes,M
178843,Marx Beltrão,36834,PSD,AL,https://www.camara.leg.br/internet/deputado/bandep/178843.jpg,dep.marxbeltrao@camara.leg.br,MARX BELTRÃO LIMA SIQUEIRA,Superior,AL,Maceió,M
178895,Misael Varella,36834,PSD,MG,https://www.camara.leg.br/internet/deputado/bandep/178895.jpg,dep.misaelvarella@camara.leg.br,MISAEL ARTUR FERREIRA VARELLA,Pós-Graduação,MG,Muriaé,M
74165,Neucimar Fraga,36834,PSD,ES,https://www.camara.leg.br/internet/deputado/bandep/74165.jpg,dep.neucimarfraga@camara.leg.br,NEUCIMAR FERREIRA FRAGA,Superior Incompleto,BA,Itanhém,M
204573,Otto Alencar Filho,36834,PSD,BA,https://www.camara.leg.br/internet/deputado/bandep/204573.jpg,dep.ottoalencarfilho@camara.leg.br,OTTO ROBERTO MENDONÇA DE ALENCAR FILHO,Pós-Graduação,BA,Salvador,M
74574,Paulo Magalhães,36834,PSD,BA,https://www.camara.leg.br/internet/deputado/bandep/74574.jpg,dep.paulomagalhaes@camara.leg.br,PAULO SÉRGIO PARANHOS DE MAGALHÃES,Superior,BA,Salvador,M
216544,Paulo Vicente Caleffi,36834,PSD,RS,https://www.camara.leg.br/internet/deputado/bandep/216544.jpg,dep.paulovicentecaleffi@camara.leg.br,PAULO VICENTE CALEFFI,Superior,RS,Bento Gonçalves,M
215045,Pedro Augusto Palareti,36834,PSD,RJ,https://www.camara.leg.br/internet/deputado/bandep/215045.jpg,dep.pedroaugustopalareti@camara.leg.br,PEDRO AUGUSTO PALARETI,Ensino Médio,SP,Ribeirão Preto,M
205865,Reinhold Stephanes Junior,36834,PSD,PR,https://www.camara.leg.br/internet/deputado/bandep/205865.jpg,dep.reinholdstephanesjunior@camara.leg.br,REINHOLD STEPHANES JUNIOR,Superior,PR,Curitiba,M
204362,Ricardo Guidi,36834,PSD,SC,https://www.camara.leg.br/internet/deputado/bandep/204362.jpg,dep.ricardoguidi@camara.leg.br,RICARDO ZANATTA GUIDI,Pós-Graduação,SC,Criciúma,M
204387,Sargento Fahur,36834,PSD,PR,https://www.camara.leg.br/internet/deputado/bandep/204387.jpg,dep.sargentofahur@camara.leg.br,GILSON CARDOSO FAHUR,Ensino Fundamental,PR,Londrina,M
73808,Sérgio Brito,36834,PSD,BA,https://www.camara.leg.br/internet/deputado/bandep/73808.jpg,dep.sergiobrito@camara.leg.br,SÉRGIO LUÍS LACERDA BRITO,Superior,BA,Vitória da Conquista,M
204557,Sidney Leite,36834,PSD,AM,https://www.camara.leg.br/internet/deputado/bandep/204557.jpg,dep.sidneyleite@camara.leg.br,SIDNEY RICARDO DE OLIVEIRA LEITE,Superior,AM,Manaus,M
92776,Stefano Aguiar,36834,PSD,MG,https://www.camara.leg.br/internet/deputado/bandep/92776.jpg,dep.stefanoaguiar@camara.leg.br,STEFANO AGUIAR DOS SANTOS,Superior,MG,Belo Horizonte,M
204396,Vermelho,36834,PSD,PR,https://www.camara.leg.br/internet/deputado/bandep/204396.jpg,dep.vermelho@camara.leg.br,NELSI COGUETTO MARIA,Superior,PR,Francisco Beltrão,M
204560,Adolfo Viana,36835,PSDB,BA,https://www.camara.leg.br/internet/deputado/bandep/204560.jpg,dep.adolfoviana@camara.leg.br,ADOLFO VIANA DE CASTRO NETO,Superior,BA,Salvador,M
74646,Aécio Neves,36835,PSDB,MG,https://www.camara.leg.br/internet/deputado/bandep/74646.jpg,dep.aecioneves@camara.leg.br,AÉCIO NEVES DA CUNHA,Superior,MG,Belo Horizonte,M
204544,Alexandre Frota,36835,PSDB,SP,https://www.camara.leg.br/internet/deputado/bandep/204544.jpg,dep.alexandrefrota@camara.leg.br,ALEXANDRE FROTA DE ANDRADE,Ensino Médio,RJ,Rio de Janeiro,M
204358,Beto Pereira,36835,PSDB,MS,https://www.camara.leg.br/internet/deputado/bandep/204358.jpg,dep.betopereira@camara.leg.br,HUMBERTO REZENDE PEREIRA,Superior,MS,Campo Grande,M
207176,Bia Cavassa,36835,PSDB,MS,https://www.camara.leg.br/internet/deputado/bandep/207176.jpg,dep.biacavassa@camara.leg.br,BEATRIZ ROSALIA RIBEIRO CAVASSA DE OLIVEIRA,Superior,MS,Corumbá,F
160589,Bruna Furlan,36835,PSDB,SP,https://www.camara.leg.br/internet/deputado/bandep/160589.jpg,dep.brunafurlan@camara.leg.br,BRUNA DIAS FURLAN,Pós-Graduação,SP,Barueri,F
74262,Carlos Sampaio,36835,PSDB,SP,https://www.camara.leg.br/internet/deputado/bandep/74262.jpg,dep.carlossampaio@camara.leg.br,CARLOS HENRIQUE FOCESI SAMPAIO,Superior,SP,Campinas,M
178876,Célio Silveira,36835,PSDB,GO,https://www.camara.leg.br/internet/deputado/bandep/178876.jpg,dep.celiosilveira@camara.leg.br,CELIO ANTONIO DA SILVEIRA,Superior,GO,Luziânia,M
204409,Daniel Trzeciak,36835,PSDB,RS,https://www.camara.leg.br/internet/deputado/bandep/204409.jpg,dep.danieltrzeciak@camara.leg.br,DANIEL TRZECIAK DUARTE,Superior,RS,Dom Feliciano,M
62881,Danilo Forte,36835,PSDB,CE,https://www.camara.leg.br/internet/deputado/bandep/62881.jpg,dep.daniloforte@camara.leg.br,FRANCISCO DANILO BASTOS FORTE,Superior,CE,Fortaleza,M
160758,Domingos Sávio,36835,PSDB,MG,https://www.camara.leg.br/internet/deputado/bandep/160758.jpg,dep.domingossavio@camara.leg.br,DOMINGOS SÁVIO CAMPOS RESENDE,Pós-Graduação,MG,São Tiago,M
204421,Edna Henrique,36835,PSDB,PB,https://www.camara.leg.br/internet/deputado/bandep/204421.jpg,dep.ednahenrique@camara.leg.br,EDNACE ALVES SILVESTRE HENRIQUE,Superior,BA,Xique-Xique,F
74655,Eduardo Barbosa,36835,PSDB,MG,https://www.camara.leg.br/internet/deputado/bandep/74655.jpg,dep.eduardobarbosa@camara.leg.br,EDUARDO LUIZ BARROS BARBOSA,Pós-Graduação,MG,Pará de Minas,M
178977,Eduardo Cury,36835,PSDB,SP,https://www.camara.leg.br/internet/deputado/bandep/178977.jpg,dep.eduardocury@camara.leg.br,EDUARDO PEDROSA CURY,Superior,SP,São José dos Campos,M
178966,Geovania de Sá,36835,PSDB,SC,https://www.camara.leg.br/internet/deputado/bandep/178966.jpg,dep.geovaniadesa@camara.leg.br,Geovânia de Sá,Pós-Graduação,SC,Criciúma,F
204404,Lucas Redecker,36835,PSDB,RS,https://www.camara.leg.br/internet/deputado/bandep/204404.jpg,dep.lucasredecker@camara.leg.br,LUCAS BELLO REDECKER,Superior Incompleto,RS,Novo Hamburgo,M
204471,Mara Rocha,36835,PSDB,AC,https://www.camara.leg.br/internet/deputado/bandep/204471.jpg,dep.mararocha@camara.leg.br,CYLMARA FERNANDES DA ROCHA GRIPP,Superior,AC,Rio Branco,F
178956,Mariana Carvalho,36835,PSDB,RO,https://www.camara.leg.br/internet/deputado/bandep/178956.jpg,dep.marianacarvalho@camara.leg.br,MARIANA FONSECA RIBEIRO CARVALHO DE MORAES,Superior,SP,São Paulo,F
178984,Miguel Haddad,36835,PSDB,SP,https://www.camara.leg.br/internet/deputado/bandep/178984.jpg,dep.miguelhaddad@camara.leg.br,MIGUEL MOUBADDA HADDAD,Superior,SP,Jundiaí,M
74352,Nilson Pinto,36835,PSDB,PA,https://www.camara.leg.br/internet/deputado/bandep/74352.jpg,dep.nilsonpinto@camara.leg.br,NILSON PINTO DE OLIVEIRA,Doutorado,PA,Belém,M
141515,Otavio Leite,36835,PSDB,RJ,https://www.camara.leg.br/internet/deputado/bandep/141515.jpg,dep.otavioleite@camara.leg.br,OTAVIO SANTOS SILVA LEITE,Mestrado Incompleto,SE,Aracaju,M
141516,Paulo Abi-Ackel,36835,PSDB,MG,https://www.camara.leg.br/internet/deputado/bandep/141516.jpg,dep.pauloabiackel@camara.leg.br,PAULO ABI-ACKEL,Mestrado,MG,Belo Horizonte,M
178912,Pedro Cunha Lima,36835,PSDB,PB,https://www.camara.leg.br/internet/deputado/bandep/178912.jpg,dep.pedrocunhalima@camara.leg.br,PEDRO OLIVEIRA CUNHA LIMA,Mestrado,PB,Campina Grande,M
178844,Pedro Vilela,36835,PSDB,AL,https://www.camara.leg.br/internet/deputado/bandep/178844.jpg,dep.pedrovilela@camara.leg.br,PEDRO TORRES BRANDÃO VILELA,Superior,AL,Maceió,M
141531,Rodrigo de Castro,36835,PSDB,MG,https://www.camara.leg.br/internet/deputado/bandep/141531.jpg,dep.rodrigodecastro@camara.leg.br,RODRIGO BATISTA DE CASTRO,Mestrado,MG,Viçosa,M
204357,Rose Modesto,36835,PSDB,MS,https://www.camara.leg.br/internet/deputado/bandep/204357.jpg,dep.rosemodesto@camara.leg.br,ROSIANE MODESTO  DE OLIVEIRA,Superior,MS,Fátima do Sul,F
178935,Rossoni,36835,PSDB,PR,https://www.camara.leg.br/internet/deputado/bandep/178935.jpg,dep.rossoni@camara.leg.br,VALDIR LUIZ ROSSONI,Superior,PR,Bituruna,M
160635,Ruy Carneiro,36835,PSDB,PB,https://www.camara.leg.br/internet/deputado/bandep/160635.jpg,dep.ruycarneiro@camara.leg.br,RUY MANUEL CARNEIRO BARBOSA DE ACA BELCHIOR,Superior,PB,João Pessoa,M
178990,Samuel Moreira,36835,PSDB,SP,https://www.camara.leg.br/internet/deputado/bandep/178990.jpg,dep.samuelmoreira@camara.leg.br,SAMUEL MOREIRA DA SILVA JUNIOR,Superior,MG,Governador Valadares,M
178961,Shéridan,36835,PSDB,RR,https://www.camara.leg.br/internet/deputado/bandep/178961.jpg,dep.sheridan@camara.leg.br,SHÉRIDAN ESTÉRFANY OLIVEIRA,Superior,RR,Boa Vista,F
204466,Tereza Nelma,36835,PSDB,AL,https://www.camara.leg.br/internet/deputado/bandep/204466.jpg,dep.terezanelma@camara.leg.br,TEREZA NELMA DA SILVA PORTO VIANA SOARES,Pós-Graduação,AL,Maceió,F
141553,Vanderlei Macris,36835,PSDB,SP,https://www.camara.leg.br/internet/deputado/bandep/141553.jpg,dep.vanderleimacris@camara.leg.br,VANDERLEI MACRIS,Superior,SP,Americana,M
178992,Vitor Lippi,36835,PSDB,SP,https://www.camara.leg.br/internet/deputado/bandep/178992.jpg,dep.vitorlippi@camara.leg.br,VITOR LIPPI,Superior,SP,São Paulo,M
204521,Abou Anni,36837,PSL,SP,https://www.camara.leg.br/internet/deputado/bandep/204521.jpg,dep.abouanni@camara.leg.br,PAULO SERGIO ABOU ANNI,Superior,SP,São Paulo,M
204545,Alê Silva,36837,PSL,MG,https://www.camara.leg.br/internet/deputado/bandep/204545.jpg,dep.alesilva@camara.leg.br,ALESSANDRA DA SILVA,Pós-Graduação,RJ,Petrópolis,F
204400,Aline Sleutjes,36837,PSL,PR,https://www.camara.leg.br/internet/deputado/bandep/204400.jpg,dep.alinesleutjes@camara.leg.br,ALINE SLEUTJES,Pós-Graduação,PR,Castro,F
204374,Bia Kicis,36837,PSL,DF,https://www.camara.leg.br/internet/deputado/bandep/204374.jpg,dep.biakicis@camara.leg.br,BEATRIZ KICIS TORRENTS DE SORDI,Superior,RJ,Resende,F
204388,Bibo Nunes,36837,PSL,RS,https://www.camara.leg.br/internet/deputado/bandep/204388.jpg,dep.bibonunes@camara.leg.br,ALCIBIO MESQUITA BIBO NUNES,Superior Incompleto,RS,Cruz Alta,M
204502,Bozzella,36837,PSL,SP,https://www.camara.leg.br/internet/deputado/bandep/204502.jpg,dep.bozzella@camara.leg.br,NICOLINO BOZZELLA JUNIOR,Superior,SP,Santos,M
204507,Carla Zambelli,36837,PSL,SP,https://www.camara.leg.br/internet/deputado/bandep/204507.jpg,dep.carlazambelli@camara.leg.br,CARLA ZAMBELLI SALGADO DE OLIVEIRA,Pós-Graduação,SP,Ribeirão Preto,F
204460,Carlos Jordy,36837,PSL,RJ,https://www.camara.leg.br/internet/deputado/bandep/204460.jpg,dep.carlosjordy@camara.leg.br,Carlos Roberto Coelho de Mattos Júnior,Superior,RJ,Niterói,M
204369,Caroline de Toni,36837,PSL,SC,https://www.camara.leg.br/internet/deputado/bandep/204369.jpg,dep.carolinedetoni@camara.leg.br,CAROLINE RODRIGUES DE TONI,Mestrado,SC,Chapecó,F
204496,Celso Sabino,36837,PSL,PA,https://www.camara.leg.br/internet/deputado/bandep/204496.jpg,dep.celsosabino@camara.leg.br,CELSO SABINO DE OLIVEIRA,Doutorado,PA,Belém,M
204490,Charlles Evangelista,36837,PSL,MG,https://www.camara.leg.br/internet/deputado/bandep/204490.jpg,dep.charllesevangelista@camara.leg.br,CHARLLES THOMACELLI EVANGELISTA,Superior,MG,Juiz de Fora,M
204462,Chris Tonietto,36837,PSL,RJ,https://www.camara.leg.br/internet/deputado/bandep/204462.jpg,dep.christonietto@camara.leg.br,CHRISTINE NOGUEIRA DOS REIS TONIETTO,Superior,RJ,Rio de Janeiro,F
204376,Coronel Armando,36837,PSL,SC,https://www.camara.leg.br/internet/deputado/bandep/204376.jpg,dep.coronelarmando@camara.leg.br,LUIZ ARMANDO SCHROEDER REIS,Pós-Graduação,RJ,Resende,M
204378,Coronel Chrisóstomo,36837,PSL,RO,https://www.camara.leg.br/internet/deputado/bandep/204378.jpg,dep.coronelchrisostomo@camara.leg.br,JOAO CHRISÓSTOMO DE MOURA,Superior,AM,Tefé,M
204514,Coronel Tadeu,36837,PSL,SP,https://www.camara.leg.br/internet/deputado/bandep/204514.jpg,dep.coroneltadeu@camara.leg.br,MARCIO TADEU ANHAIA DE LEMOS,Mestrado,SP,SAO PAULO,M
204367,Daniel Freitas,36837,PSL,SC,https://www.camara.leg.br/internet/deputado/bandep/204367.jpg,dep.danielfreitas@camara.leg.br,DANIEL COSTA DE FREITAS,Superior,SC,Criciúma,M
204454,Daniel Silveira,36837,PSL,RJ,https://www.camara.leg.br/internet/deputado/bandep/204454.jpg,dep.danielsilveira@camara.leg.br,DANIEL LUCIO DA SILVEIRA,Superior,RJ,Petrópolis,M
204451,Delegado Antônio Furtado,36837,PSL,RJ,https://www.camara.leg.br/internet/deputado/bandep/204451.jpg,dep.delegadoantoniofurtado@camara.leg.br,ANTÔNIO DA LUZ FURTADO,Superior,RJ,Rio de Janeiro,M
204512,Delegado Marcelo Freitas,36837,PSL,MG,https://www.camara.leg.br/internet/deputado/bandep/204512.jpg,dep.delegadomarcelofreitas@camara.leg.br,MARCELO EDUARDO FREITAS,Doutorado,MG,Montes Claros,M
204569,Delegado Pablo,36837,PSL,AM,https://www.camara.leg.br/internet/deputado/bandep/204569.jpg,dep.delegadopablo@camara.leg.br,PABLO OLIVA SOUZA,Mestrado,AM,Manaus,M
164359,Delegado Waldir,36837,PSL,GO,https://www.camara.leg.br/internet/deputado/bandep/164359.jpg,dep.delegadowaldir@camara.leg.br,WALDIR SOARES DE OLIVEIRA,Superior,PR,Jacarezinho,M
204351,Dr. Luiz Ovando,36837,PSL,MS,https://www.camara.leg.br/internet/deputado/bandep/204351.jpg,dep.dr.luizovando@camara.leg.br,LUIZ ALBERTO OVANDO,Superior,MS,Corumbá,M
81297,Dra. Soraya Manato,36837,PSL,ES,https://www.camara.leg.br/internet/deputado/bandep/81297.jpg,dep.dra.sorayamanato@camara.leg.br,SORAYA DE SOUZA MANNATO,Pós-Graduação,ES,Linhares,F
92346,Eduardo Bolsonaro,36837,PSL,SP,https://www.camara.leg.br/internet/deputado/bandep/92346.jpg,dep.eduardobolsonaro@camara.leg.br,EDUARDO NANTES BOLSONARO,Superior,RJ,Rio de Janeiro,M
204368,Fabio Schiochet,36837,PSL,SC,https://www.camara.leg.br/internet/deputado/bandep/204368.jpg,dep.fabioschiochet@camara.leg.br,FÁBIO LUIZ SCHIOCHET FILHO,Superior Incompleto,SC,Jaraguá do Sul,M
204477,Felício Laterça,36837,PSL,RJ,https://www.camara.leg.br/internet/deputado/bandep/204477.jpg,dep.feliciolaterca@camara.leg.br,FELÍCIO LATERÇA DE ALMEIDA,Superior,RJ,Campos dos Goytacazes,M
204398,Felipe Francischini,36837,PSL,PR,https://www.camara.leg.br/internet/deputado/bandep/204398.jpg,dep.felipefrancischini@camara.leg.br,LUIS FELIPE BONATTO FRANCISCHINI,Superior,PR,Curitiba,M
204411,Filipe Barros,36837,PSL,PR,https://www.camara.leg.br/internet/deputado/bandep/204411.jpg,dep.filipebarros@camara.leg.br,FILIPE BARROS BAPTISTA DE TOLEDO RIBEIRO,Superior,PR,Londrina,M
204473,General Girão,36837,PSL,RN,https://www.camara.leg.br/internet/deputado/bandep/204473.jpg,dep.generalgirao@camara.leg.br,ELIÉSER GIRÃO MONTEIRO FILHO,Doutorado,CE,Fortaleza,M
204484,General Peternelli,36837,PSL,SP,https://www.camara.leg.br/internet/deputado/bandep/204484.jpg,dep.generalpeternelli@camara.leg.br,ROBERTO SEBASTIÃO PETERNELLI JUNIOR,Doutorado,SP,Ribeirão Preto,M
204513,Guiga Peixoto,36837,PSL,SP,https://www.camara.leg.br/internet/deputado/bandep/204513.jpg,dep.guigapeixoto@camara.leg.br,JOSÉ GUILHERME NEGRÃO PEIXOTO,Pós-Graduação,SP,Tatuí,M
204442,Gurgel,36837,PSL,RJ,https://www.camara.leg.br/internet/deputado/bandep/204442.jpg,dep.gurgel@camara.leg.br,JOÃO CARLOS SOARES GURGEL,Pós-Graduação,RJ,Rio de Janeiro,M
204548,Heitor Freire,36837,PSL,CE,https://www.camara.leg.br/internet/deputado/bandep/204548.jpg,dep.heitorfreire@camara.leg.br,HEITOR RODRIGO PEREIRA FREIRE,Mestrado,CE,Juazeiro do Norte,M
204444,Helio Lopes,36837,PSL,RJ,https://www.camara.leg.br/internet/deputado/bandep/204444.jpg,dep.heliolopes@camara.leg.br,HELIO FERNANDO BARBOSA LOPES,Superior,RJ,Queimados,M
204546,Joice Hasselmann,36837,PSL,SP,https://www.camara.leg.br/internet/deputado/bandep/204546.jpg,dep.joicehasselmann@camara.leg.br,JOICE CRISTINA HASSELMANN,Superior,PR,Ponta Grossa,F
204420,Julian Lemos,36837,PSL,PB,https://www.camara.leg.br/internet/deputado/bandep/204420.jpg,dep.julianlemos@camara.leg.br,GULLIEM CHARLES BEZERRA LEMOS,Superior,PB,Campina Grande,M
204520,Junio Amaral,36837,PSL,MG,https://www.camara.leg.br/internet/deputado/bandep/204520.jpg,dep.junioamaral@camara.leg.br,GERALDO JUNIO DO AMARAL,Superior Incompleto,MG,Belo Horizonte,M
204547,Léo Motta,36837,PSL,MG,https://www.camara.leg.br/internet/deputado/bandep/204547.jpg,dep.leomotta@camara.leg.br,ELIEL MÁRCIO DO CARMO,Superior Incompleto,MG,Contagem,M
204382,Loester Trutis,36837,PSL,MS,https://www.camara.leg.br/internet/deputado/bandep/204382.jpg,dep.loestertrutis@camara.leg.br,LOESTER CARLOS GOMES DE SOUZA,Superior,MS,Campo Grande,M
196358,Lourival Gomes,36837,PSL,RJ,https://www.camara.leg.br/internet/deputado/bandep/196358.jpg,dep.lourivalgomes@camara.leg.br,LOURIVAL GOMES DE ALMEIDA,Ensino Fundamental,RJ,Rio de Janeiro,M
74478,Luciano Bivar,36837,PSL,PE,https://www.camara.leg.br/internet/deputado/bandep/74478.jpg,dep.lucianobivar@camara.leg.br,LUCIANO CALDAS BIVAR,Superior,PE,Recife,M
204455,Luiz Lima,36837,PSL,RJ,https://www.camara.leg.br/internet/deputado/bandep/204455.jpg,dep.luizlima@camara.leg.br,LUIZ EDUARDO CARNEIRO DA SILVA DE SOUZA LIMA,Superior,RJ,Rio de Janeiro,M
204526,Luiz Philippe de Orleans e Bragança,36837,PSL,SP,https://www.camara.leg.br/internet/deputado/bandep/204526.jpg,dep.luizphilippedeorleansebraganca@camara.leg.br,LUIZ PHILIPPE DE ORLEANS BRAGANÇA,Mestrado,RJ,Rio de Janeiro,M
204458,Major Fabiana,36837,PSL,RJ,https://www.camara.leg.br/internet/deputado/bandep/204458.jpg,dep.majorfabiana@camara.leg.br,FABIANA SILVA DE SOUZA POUBEL,Superior,RJ,Rio de Janeiro,F
179000,Marcelo Álvaro Antônio,36837,PSL,MG,https://www.camara.leg.br/internet/deputado/bandep/179000.jpg,dep.marceloalvaroantonio@camara.leg.br,MARCELO HENRIQUE TEIXEIRA DIAS,Superior,MG,Belo Horizonte,M
205863,Marcelo Brum,36837,PSL,RS,https://www.camara.leg.br/internet/deputado/bandep/205863.jpg,dep.marcelobrum@camara.leg.br,MARCELO DE BRUM DA COSTA,Ensino Médio Incompleto,RS,Santiago,M
204452,Márcio Labre,36837,PSL,RJ,https://www.camara.leg.br/internet/deputado/bandep/204452.jpg,dep.marciolabre@camara.leg.br,MÁRCIO DA SILVEIRA LABRE,Ensino Técnico,RJ,Rio de Janeiro,M
204449,Nelson Barbudo,36837,PSL,MT,https://www.camara.leg.br/internet/deputado/bandep/204449.jpg,dep.nelsonbarbudo@camara.leg.br,NELSON NED PREVIDENTE,Ensino Médio,SP,Poloni,M
204415,Nereu Crispim,36837,PSL,RS,https://www.camara.leg.br/internet/deputado/bandep/204415.jpg,dep.nereucrispim@camara.leg.br,NEREU CRISPIM,Superior,RS,Porto Alegre,M
204479,Nicoletti,36837,PSL,RR,https://www.camara.leg.br/internet/deputado/bandep/204479.jpg,dep.nicoletti@camara.leg.br,ANTONIO CARLOS NICOLETTI,Superior,RS,Ijuí,M
204446,Professor Joziel,36837,PSL,RJ,https://www.camara.leg.br/internet/deputado/bandep/204446.jpg,dep.professorjoziel@camara.leg.br,JOZIEL FERREIRA CARLOS,Pós-Graduação,RJ,Duque de Caxias,M
204565,Professora Dayane Pimentel,36837,PSL,BA,https://www.camara.leg.br/internet/deputado/bandep/204565.jpg,dep.professoradayanepimentel@camara.leg.br,DAYANE JAMILLE CARNEIRO DOS SANTOS PIMENTEL,Pós-Graduação,BA,Feira de Santana,F
204416,Sanderson,36837,PSL,RS,https://www.camara.leg.br/internet/deputado/bandep/204416.jpg,dep.sanderson@camara.leg.br,UBIRATAN ANTUNES SANDERSON,Pós-Graduação,RS,Erechim,M
179587,Vitor Hugo,36837,PSL,GO,https://www.camara.leg.br/internet/deputado/bandep/179587.jpg,dep.vitorhugo@camara.leg.br,VITOR HUGO DE ARAUJO ALMEIDA,Mestrado,BA,Salvador,M
204509,Áurea Carolina,36839,PSOL,MG,https://www.camara.leg.br/internet/deputado/bandep/204509.jpg,dep.aureacarolina@camara.leg.br,ÁUREA CAROLINA DE FREITAS E SILVA,Mestrado,PA,Tucuruí,F
205548,David Miranda,36839,PSOL,RJ,https://www.camara.leg.br/internet/deputado/bandep/205548.jpg,dep.davidmiranda@camara.leg.br,DAVID MICHAEL DOS SANTOS MIRANDA,Superior,RJ,Rio de Janeiro,M
204407,Fernanda Melchionna,36839,PSOL,RS,https://www.camara.leg.br/internet/deputado/bandep/204407.jpg,dep.fernandamelchionna@camara.leg.br,FERNANDA MELCHIONNA E SILVA,Superior,RS,Alegrete,F
152605,Glauber Braga,36839,PSOL,RJ,https://www.camara.leg.br/internet/deputado/bandep/152605.jpg,dep.glauberbraga@camara.leg.br,GLAUBER DE MEDEIROS BRAGA,Superior,RJ,Nova Friburgo,M
73531,Ivan Valente,36839,PSOL,SP,https://www.camara.leg.br/internet/deputado/bandep/73531.jpg,dep.ivanvalente@camara.leg.br,IVAN VALENTE,Superior,SP,São Paulo,M
74784,Luiza Erundina,36839,PSOL,SP,https://www.camara.leg.br/internet/deputado/bandep/74784.jpg,dep.luizaerundina@camara.leg.br,LUIZA ERUNDINA DE SOUSA,Mestrado,PB,Uiraúna,F
204535,Sâmia Bomfim,36839,PSOL,SP,https://www.camara.leg.br/internet/deputado/bandep/204535.jpg,dep.samiabomfim@camara.leg.br,SAMIA DE SOUZA BOMFIM,Superior,SP,Presidente Prudente,F
204464,Talíria Petrone,36839,PSOL,RJ,https://www.camara.leg.br/internet/deputado/bandep/204464.jpg,dep.taliriapetrone@camara.leg.br,TALIRIA PETRONE SOARES,Mestrado Incompleto,RJ,Niterói,F
215044,Vivi Reis,36839,PSOL,PA,https://www.camara.leg.br/internet/deputado/bandep/215044.jpg,dep.vivireis@camara.leg.br,VIVIANE DA COSTA REIS,Superior,PA,Belém,F
160508,Afonso Florence,36844,PT,BA,https://www.camara.leg.br/internet/deputado/bandep/160508.jpg,dep.afonsoflorence@camara.leg.br,AFONSO BANDEIRA FLORENCE,Mestrado,BA,Salvador,M
204495,Airton Faleiro,36844,PT,PA,https://www.camara.leg.br/internet/deputado/bandep/204495.jpg,dep.airtonfaleiro@camara.leg.br,AIRTON LUIZ FALEIRO,Ensino Fundamental,RS,Tenente Portela,M
204501,Alencar Santana Braga,36844,PT,SP,https://www.camara.leg.br/internet/deputado/bandep/204501.jpg,dep.alencarsantanabraga@camara.leg.br,ALENCAR SANTANA BRAGA,Superior,SP,Guarulhos,M
204503,Alexandre Padilha,36844,PT,SP,https://www.camara.leg.br/internet/deputado/bandep/204503.jpg,dep.alexandrepadilha@camara.leg.br,ALEXANDRE ROCHA SANTOS PADILHA,Pós-Graduação,SP,São Paulo,M
73433,Arlindo Chinaglia,36844,PT,SP,https://www.camara.leg.br/internet/deputado/bandep/73433.jpg,dep.arlindochinaglia@camara.leg.br,ARLINDO CHIGNALIA JUNIOR,Pós-Graduação,SP,Serra Azul,M
73701,Benedita da Silva,36844,PT,RJ,https://www.camara.leg.br/internet/deputado/bandep/73701.jpg,dep.beneditadasilva@camara.leg.br,BENEDITA SOUZA DA SILVA SAMPAIO,Superior,RJ,Rio de Janeiro,F
141335,Beto Faro,36844,PT,PA,https://www.camara.leg.br/internet/deputado/bandep/141335.jpg,dep.betofaro@camara.leg.br,JOSÉ ROBERTO OLIVEIRA FARO,Secundário,PA,Bujaru,M
160538,Bohn Gass,36844,PT,RS,https://www.camara.leg.br/internet/deputado/bandep/160538.jpg,dep.bohngass@camara.leg.br,ELVINO JOSÉ BOHN GASS,Pós-Graduação,RS,Santo Cristo,M
204426,Carlos Veras,36844,PT,PE,https://www.camara.leg.br/internet/deputado/bandep/204426.jpg,dep.carlosveras@camara.leg.br,JOSÉ CARLOS VERAS DOS SANTOS,Superior,PE,Tabira,M
141398,Carlos Zarattini,36844,PT,SP,https://www.camara.leg.br/internet/deputado/bandep/141398.jpg,dep.carloszarattini@camara.leg.br,CARLOS ALBERTO ROLIM ZARATTINI,Superior,SP,São Paulo,M
204370,Célio Moura,36844,PT,TO,https://www.camara.leg.br/internet/deputado/bandep/204370.jpg,dep.celiomoura@camara.leg.br,CELIO ALVES DE MOURA,Superior,MG,Arapuá,M
132504,Enio Verri,36844,PT,PR,https://www.camara.leg.br/internet/deputado/bandep/132504.jpg,dep.enioverri@camara.leg.br,ENIO JOSÉ VERRI,Doutorado,PR,Maringá,M
160575,Erika Kokay,36844,PT,DF,https://www.camara.leg.br/internet/deputado/bandep/160575.jpg,dep.erikakokay@camara.leg.br,ÉRIKA JUCÁ KOKAY,Superior,CE,Fortaleza,F
204393,Frei Anastacio Ribeiro,36844,PT,PB,https://www.camara.leg.br/internet/deputado/bandep/204393.jpg,dep.freianastacioribeiro@camara.leg.br,ANTONIO RIBEIRO,Superior,PB,Esperança,M
107283,Gleisi Hoffmann,36844,PT,PR,https://www.camara.leg.br/internet/deputado/bandep/107283.jpg,dep.gleisihoffmann@camara.leg.br,GLEISI HELENA HOFFMANN,Pós-Graduação,PR,Curitiba,F
178873,Helder Salomão,36844,PT,ES,https://www.camara.leg.br/internet/deputado/bandep/178873.jpg,dep.heldersalomao@camara.leg.br,HELDER IGNACIO SALOMAO,Pós-Graduação,ES,Colatina,M
73482,Henrique Fontana,36844,PT,RS,https://www.camara.leg.br/internet/deputado/bandep/73482.jpg,dep.henriquefontana@camara.leg.br,HENRIQUE FONTANA JÚNIOR,Superior,RS,Porto Alegre,M
178970,João Daniel,36844,PT,SE,https://www.camara.leg.br/internet/deputado/bandep/178970.jpg,dep.joaodaniel@camara.leg.br,JOAO SOMARIVA DANIEL,Ensino Médio,SC,São Lourenço D'Oeste,M
178857,Jorge Solla,36844,PT,BA,https://www.camara.leg.br/internet/deputado/bandep/178857.jpg,dep.jorgesolla@camara.leg.br,JORGE JOSE SANTOS PEREIRA SOLLA,Doutorado,BA,Salvador,M
141464,José Airton Félix Cirilo,36844,PT,CE,https://www.camara.leg.br/internet/deputado/bandep/141464.jpg,dep.joseairtonfelixcirilo@camara.leg.br,JOSÉ AIRTON FÉLIX CIRILO DA SILVA,Mestrado,CE,Aracati,M
141470,José Guimarães,36844,PT,CE,https://www.camara.leg.br/internet/deputado/bandep/141470.jpg,dep.joseguimaraes@camara.leg.br,JOSÉ NOBRE GUIMARÃES,Superior,CE,Quixeramobim,M
204555,José Ricardo,36844,PT,AM,https://www.camara.leg.br/internet/deputado/bandep/204555.jpg,dep.josericardo@camara.leg.br,JOSÉ RICARDO WENDLING,Pós-Graduação,RS,Montenegro,M
209189,Joseildo Ramos,36844,PT,BA,https://www.camara.leg.br/internet/deputado/bandep/209189.jpg,dep.joseildoramos@camara.leg.br,JOSEILDO RIBEIRO RAMOS,Superior,BA,Alagoinhas,M
178825,Leo de Brito,36844,PT,AC,https://www.camara.leg.br/internet/deputado/bandep/178825.jpg,dep.leodebrito@camara.leg.br,LEONARDO CUNHA DE BRITO,Mestrado,AC,Rio Branco,M
74156,Leonardo Monteiro,36844,PT,MG,https://www.camara.leg.br/internet/deputado/bandep/74156.jpg,dep.leonardomonteiro@camara.leg.br,JOSÉ LEONARDO COSTA MONTEIRO,Superior,MG,Governador Valadares,M
178866,Luizianne Lins,36844,PT,CE,https://www.camara.leg.br/internet/deputado/bandep/178866.jpg,dep.luiziannelins@camara.leg.br,LUIZIANNE DE OLIVEIRA LINS,Mestrado Incompleto,CE,Fortaleza,F
160535,Marcon,36844,PT,RS,https://www.camara.leg.br/internet/deputado/bandep/160535.jpg,dep.marcon@camara.leg.br,DIONILSO MATEUS MARCON,Primário Incompleto,RS,Ronda Alta,M
74398,Maria do Rosário,36844,PT,RS,https://www.camara.leg.br/internet/deputado/bandep/74398.jpg,dep.mariadorosario@camara.leg.br,MARIA DO ROSÁRIO NUNES,Pós-Graduação,RS,Veranópolis,F
204428,Marília Arraes,36844,PT,PE,https://www.camara.leg.br/internet/deputado/bandep/204428.jpg,dep.mariliaarraes@camara.leg.br,MARÍLIA VALENÇA ROCHA ARRAES DE ALENCAR,Superior,PE,Recife,F
188097,Merlong Solano,36844,PT,PI,https://www.camara.leg.br/internet/deputado/bandep/188097.jpg,dep.merlongsolano@camara.leg.br,MERLONG SOLANO NOGUEIRA,Mestrado,PI,Valença do Piauí,M
204453,Natália Bonavides,36844,PT,RN,https://www.camara.leg.br/internet/deputado/bandep/204453.jpg,dep.nataliabonavides@camara.leg.br,NATÁLIA BASTOS BONAVIDES,Mestrado,RN,Natal,F
178986,Nilto Tatto,36844,PT,SP,https://www.camara.leg.br/internet/deputado/bandep/178986.jpg,dep.niltotatto@camara.leg.br,NILTO IGNACIO TATTO,Superior,RS,Frederico Westphalen,M
74159,Odair Cunha,36844,PT,MG,https://www.camara.leg.br/internet/deputado/bandep/74159.jpg,dep.odaircunha@camara.leg.br,ODAIR JOSÉ DA CUNHA,Superior,SP,Piedade,M
160556,Padre João,36844,PT,MG,https://www.camara.leg.br/internet/deputado/bandep/160556.jpg,dep.padrejoao@camara.leg.br,JOÃO CARLOS SIQUEIRA,Superior,MG,Urucânia,M
74160,Patrus Ananias,36844,PT,MG,https://www.camara.leg.br/internet/deputado/bandep/74160.jpg,dep.patrusananias@camara.leg.br,PATRUS ANANIAS DE SOUZA,Mestrado,MG,Bocaiúva,M
171617,Paulão,36844,PT,AL,https://www.camara.leg.br/internet/deputado/bandep/171617.jpg,dep.paulao@camara.leg.br,PAULO FERNANDO DOS SANTOS,Pós-Graduação,AL,Maceió,M
204492,Paulo Guedes,36844,PT,MG,https://www.camara.leg.br/internet/deputado/bandep/204492.jpg,dep.pauloguedes@camara.leg.br,PAULO JOSE CARLOS GUEDES,Superior Incompleto,MG,Manga,M
74400,Paulo Pimenta,36844,PT,RS,https://www.camara.leg.br/internet/deputado/bandep/74400.jpg,dep.paulopimenta@camara.leg.br,PAULO ROBERTO SEVERO PIMENTA,Superior,RS,Santa Maria,M
141488,Paulo Teixeira,36844,PT,SP,https://www.camara.leg.br/internet/deputado/bandep/141488.jpg,dep.pauloteixeira@camara.leg.br,LUIZ PAULO TEIXEIRA FERREIRA,Mestrado,SP,Águas da Prata,M
160604,Pedro Uczai,36844,PT,SC,https://www.camara.leg.br/internet/deputado/bandep/160604.jpg,dep.pedrouczai@camara.leg.br,PEDRO FRANCISCO UCZAI,Mestrado,SC,Descanso,M
204467,Professora Rosa Neide,36844,PT,MT,https://www.camara.leg.br/internet/deputado/bandep/204467.jpg,dep.professorarosaneide@camara.leg.br,ROSA NEIDE SANDES DE ALMEIDA,Mestrado,BA,Amargosa,F
74161,Reginaldo Lopes,36844,PT,MG,https://www.camara.leg.br/internet/deputado/bandep/74161.jpg,dep.reginaldolopes@camara.leg.br,REGINALDO LÁZARO DE OLIVEIRA LOPES,Superior,MG,Bom Sucesso,M
178925,Rejane Dias,36844,PT,PI,https://www.camara.leg.br/internet/deputado/bandep/178925.jpg,dep.rejanedias@camara.leg.br,REJANE RIBEIRO SOUSA DIAS,Superior,PI,Teresina,F
204480,Rogério Correia,36844,PT,MG,https://www.camara.leg.br/internet/deputado/bandep/204480.jpg,dep.rogeriocorreia@camara.leg.br,ROGÉRIO CORREIA DE MOURA BAPTISTA,Superior,MG,Belo Horizonte,M
74371,Rubens Otoni,36844,PT,GO,https://www.camara.leg.br/internet/deputado/bandep/74371.jpg,dep.rubensotoni@camara.leg.br,RUBENS OTONI GOMIDE,Superior,GO,Goianésia,M
73604,Rui Falcão,36844,PT,SP,https://www.camara.leg.br/internet/deputado/bandep/73604.jpg,dep.ruifalcao@camara.leg.br,RUI GOETHE DA COSTA FALCÃO,Superior,MG,Pitangui,M
160610,Valmir Assunção,36844,PT,BA,https://www.camara.leg.br/internet/deputado/bandep/160610.jpg,dep.valmirassuncao@camara.leg.br,VALMIR CARLOS DA ASSUNÇÃO,Ensino Fundamental,BA,Itamaraju,M
74376,Vander Loubet,36844,PT,MS,https://www.camara.leg.br/internet/deputado/bandep/74376.jpg,dep.vanderloubet@camara.leg.br,VANDER LUIZ DOS SANTOS LOUBET,Superior,MS,Porto Murtinho,M
74283,Vicentinho,36844,PT,SP,https://www.camara.leg.br/internet/deputado/bandep/74283.jpg,dep.vicentinho@camara.leg.br,VICENTE PAULO DA SILVA,Pós-Graduação,RN,Santa Cruz,M
160569,Waldenor Pereira,36844,PT,BA,https://www.camara.leg.br/internet/deputado/bandep/160569.jpg,dep.waldenorpereira@camara.leg.br,WALDENOR ALVES PEREIRA FILHO,Doutorado Incompleto,BA,Caculé,M
178889,Zé Carlos,36844,PT,MA,https://www.camara.leg.br/internet/deputado/bandep/178889.jpg,dep.zecarlos@camara.leg.br,JOSÉ CARLOS NUNES JÚNIOR,Superior,MA,São Luís,M
204559,Zé Neto,36844,PT,BA,https://www.camara.leg.br/internet/deputado/bandep/204559.jpg,dep.zeneto@camara.leg.br,JOSÉ CERQUEIRA DE SANTANA NETO,Pós-Graduação,BA,Feira de Santana,M
160592,Zeca Dirceu,36844,PT,PR,https://www.camara.leg.br/internet/deputado/bandep/160592.jpg,dep.zecadirceu@camara.leg.br,JOSÉ CARLOS BECKER DE OLIVEIRA E SILVA,Superior,PR,Umuarama,M
204500,Eduardo Costa,36845,PTB,PA,https://www.camara.leg.br/internet/deputado/bandep/204500.jpg,dep.eduardocosta@camara.leg.br,JOSE EDUARDO PEREIRA DA COSTA,Superior,PA,Belém,M
198783,Emanuel Pinheiro Neto,36845,PTB,MT,https://www.camara.leg.br/internet/deputado/bandep/198783.jpg,dep.emanuelpinheironeto@camara.leg.br,EMANUEL PINHEIRO DA SILVA PRIMO,Superior,MT,Cuiabá,M
204410,Luisa Canziani,36845,PTB,PR,https://www.camara.leg.br/internet/deputado/bandep/204410.jpg,dep.luisacanziani@camara.leg.br,LUISA CANZIANI DOS SANTOS SILVEIRA,Superior,PR,Londrina,F
133810,Marcelo Moraes,36845,PTB,RS,https://www.camara.leg.br/internet/deputado/bandep/133810.jpg,dep.marcelomoraes@camara.leg.br,MARCELO PIRES MORAES,Superior Incompleto,RS,Porto Alegre,M
75431,Maurício Dziedricki,36845,PTB,RS,https://www.camara.leg.br/internet/deputado/bandep/75431.jpg,dep.mauriciodziedricki@camara.leg.br,MAURÍCIO ALEXANDRE DZIEDRICKI,Superior,PR,Curitiba,M
194260,Nivaldo Albuquerque,36845,PTB,AL,https://www.camara.leg.br/internet/deputado/bandep/194260.jpg,dep.nivaldoalbuquerque@camara.leg.br,NIVALDO FERREIRA DE ALBUQUERQUE NETO,Superior Incompleto,AL,Maceió,M
204538,Paulo Bengtson,36845,PTB,PA,https://www.camara.leg.br/internet/deputado/bandep/204538.jpg,dep.paulobengtson@camara.leg.br,PAULO EDUARDO MAESTRI BENGTSON,Superior,BA,Vitória da Conquista,M
90201,Pedro Augusto Bezerra,36845,PTB,CE,https://www.camara.leg.br/internet/deputado/bandep/90201.jpg,dep.pedroaugustobezerra@camara.leg.br,PEDRO AUGUSTO GEROMEL BEZERRA DE MENEZES,Pós-Graduação,CE,Juazeiro do Norte,M
122974,Pedro Lucas Fernandes,36845,PTB,MA,https://www.camara.leg.br/internet/deputado/bandep/122974.jpg,dep.pedrolucasfernandes@camara.leg.br,PEDRO LUCAS ANDRADE FERNANDES RIBEIRO,Superior,MA,São Luís,M
74044,Wilson Santiago,36845,PTB,PB,https://www.camara.leg.br/internet/deputado/bandep/74044.jpg,dep.wilsonsantiago@camara.leg.br,JOSÉ WILSON SANTIAGO,Superior,PB,Uiraúna,M
204488,Célio Studart,36851,PV,CE,https://www.camara.leg.br/internet/deputado/bandep/204488.jpg,dep.celiostudart@camara.leg.br,CELIO STUDART BARBOSA,Superior,CE,Fortaleza,M
204537,Enrico Misasi,36851,PV,SP,https://www.camara.leg.br/internet/deputado/bandep/204537.jpg,dep.enricomisasi@camara.leg.br,ENRICO VAN BLARCUM DE GRAAFF MISASI,Mestrado,SP,São Paulo,M
178832,Leandre,36851,PV,PR,https://www.camara.leg.br/internet/deputado/bandep/178832.jpg,dep.leandre@camara.leg.br,LEANDRE DAL PONTE,Superior,PR,Pato Branco,F
204383,Professor Israel Batista,36851,PV,DF,https://www.camara.leg.br/internet/deputado/bandep/204383.jpg,dep.professorisraelbatista@camara.leg.br,ISRAEL MATOS BATISTA,Superior,DF,Brasília,M
204468,Joenia Wapichana,36886,REDE,RR,https://www.camara.leg.br/internet/deputado/bandep/204468.jpg,dep.joeniawapichana@camara.leg.br,JOENIA BATISTA DE CARVALHO,Mestrado,RR,Boa Vista,F
204353,Aline Gurgel,37908,REPUBLICANOS,AP,https://www.camara.leg.br/internet/deputado/bandep/204353.jpg,dep.alinegurgel@camara.leg.br,ALINE PARANHOS VARONIL GURGEL,Superior,AP,Macapá,F
204356,Amaro Neto,37908,REPUBLICANOS,ES,https://www.camara.leg.br/internet/deputado/bandep/204356.jpg,dep.amaroneto@camara.leg.br,AMARO ROCHA NASCIMENTO NETO,Superior,ES,Vitória,M
204414,Aroldo Martins,37908,REPUBLICANOS,PR,https://www.camara.leg.br/internet/deputado/bandep/204414.jpg,dep.aroldomartins@camara.leg.br,JOSE AROLDO SOUZA MARTINS,Doutorado,SP,São Paulo,M
109429,Benes Leocádio,37908,REPUBLICANOS,RN,https://www.camara.leg.br/internet/deputado/bandep/109429.jpg,dep.benesleocadio@camara.leg.br,LUIZ BENES LEOCADIO DE ARAUJO,Superior,RN,Santana do Matos,M
204572,Capitão Alberto Neto,37908,REPUBLICANOS,AM,https://www.camara.leg.br/internet/deputado/bandep/204572.jpg,dep.capitaoalbertoneto@camara.leg.br,ALBERTO BARROS CAVALCANTE NETO,Pós-Graduação,CE,Fortaleza,M
178962,Carlos Gomes,37908,REPUBLICANOS,RS,https://www.camara.leg.br/internet/deputado/bandep/178962.jpg,dep.carlosgomes@camara.leg.br,ANTONIO CARLOS GOMES DA SILVA,Superior Incompleto,BA,Saúde,M
73441,Celso Russomanno,37908,REPUBLICANOS,SP,https://www.camara.leg.br/internet/deputado/bandep/73441.jpg,dep.celsorussomanno@camara.leg.br,CELSO UBIRAJARA RUSSOMANNO,Superior,SP,São Paulo,M
141408,Cleber Verde,37908,REPUBLICANOS,MA,https://www.camara.leg.br/internet/deputado/bandep/141408.jpg,dep.cleberverde@camara.leg.br,CLEBER VERDE CORDEIRO MENDES,Superior,MA,Santa Luzia,M
218086,Ely Santos,37908,REPUBLICANOS,SP,https://www.camara.leg.br/internet/deputado/bandep/218086.jpg,dep.elysantos@camara.leg.br,ELIANE DE SOUSA ALVES MACHADO,,SP,São Paulo,F
204575,Gil Cutrim,37908,REPUBLICANOS,MA,https://www.camara.leg.br/internet/deputado/bandep/204575.jpg,dep.gilcutrim@camara.leg.br,GILLIANO FRED NASCIMENTO CUTRIM,Superior,MA,São Luís,M
204491,Gilberto Abramo,37908,REPUBLICANOS,MG,https://www.camara.leg.br/internet/deputado/bandep/204491.jpg,dep.gilbertoabramo@camara.leg.br,GILBERTO APARECIDO ABRAMO,Superior,SP,Porto Ferreira,M
204373,Hélio Costa,37908,REPUBLICANOS,SC,https://www.camara.leg.br/internet/deputado/bandep/204373.jpg,dep.heliocosta@camara.leg.br,HÉLIO FRANCISCO DA COSTA,Ensino Médio,SC,Florianópolis,M
160674,Hugo Motta,37908,REPUBLICANOS,PB,https://www.camara.leg.br/internet/deputado/bandep/160674.jpg,dep.hugomotta@camara.leg.br,HUGO MOTTA WANDERLEY DA NÓBREGA,Superior,PB,João Pessoa,M
160531,Jhonatan de Jesus,37908,REPUBLICANOS,RR,https://www.camara.leg.br/internet/deputado/bandep/160531.jpg,dep.jhonatandejesus@camara.leg.br,JOHNATHAN PEREIRA DE JESUS,Superior,RR,Boa Vista,M
74366,João Campos,37908,REPUBLICANOS,GO,https://www.camara.leg.br/internet/deputado/bandep/74366.jpg,dep.joaocampos@camara.leg.br,JOÃO CAMPOS DE ARAÚJO,Pós-Graduação,TO,Peixe,M
205550,Jorge Braz,37908,REPUBLICANOS,RJ,https://www.camara.leg.br/internet/deputado/bandep/205550.jpg,dep.jorgebraz@camara.leg.br,JORGE BRAZ DE OLIVEIRA,Superior Incompleto,MG,Palma,M
204372,Julio Cesar Ribeiro,37908,REPUBLICANOS,DF,https://www.camara.leg.br/internet/deputado/bandep/204372.jpg,dep.juliocesarribeiro@camara.leg.br,JULIO CESAR RIBEIRO,Superior,SP,São Bernardo do Campo,M
98057,Lafayette de Andrada,37908,REPUBLICANOS,MG,https://www.camara.leg.br/internet/deputado/bandep/98057.jpg,dep.lafayettedeandrada@camara.leg.br,LAFAYETTE LUIZ DOORGAL DE ANDRADA,Doutorado Incompleto,MG,Belo Horizonte,M
204418,Luizão Goulart,37908,REPUBLICANOS,PR,https://www.camara.leg.br/internet/deputado/bandep/204418.jpg,dep.luizaogoulart@camara.leg.br,LUIZ GOULARTE ALVES,Superior,PR,Jandaia do Sul,M
118594,Marcelo Squassoni,37908,REPUBLICANOS,SP,https://www.camara.leg.br/internet/deputado/bandep/118594.jpg,dep.marcelosquassoni@camara.leg.br,MARCELO SQUASSONI,Superior,SP,São Paulo,M
150418,Márcio Marinho,37908,REPUBLICANOS,BA,https://www.camara.leg.br/internet/deputado/bandep/150418.jpg,dep.marciomarinho@camara.leg.br,MÁRCIO CARLOS MARINHO,Superior,RJ,Cabo Frio,M
204506,Marcos Pereira,37908,REPUBLICANOS,SP,https://www.camara.leg.br/internet/deputado/bandep/204506.jpg,dep.marcospereira@camara.leg.br,MARCOS ANTONIO PEREIRA,Pós-Graduação,ES,Linhares,M
154178,Milton Vieira,37908,REPUBLICANOS,SP,https://www.camara.leg.br/internet/deputado/bandep/154178.jpg,dep.miltonvieira@camara.leg.br,MILTON VIEIRA PINTO,Superior Incompleto,SP,Iepê,M
204422,Ossesio Silva,37908,REPUBLICANOS,PE,https://www.camara.leg.br/internet/deputado/bandep/204422.jpg,dep.ossesiosilva@camara.leg.br,OSSESIO JOSE DA SILVA,Superior Incompleto,RJ,Rio de Janeiro,M
178945,Rosangela Gomes,37908,REPUBLICANOS,RJ,https://www.camara.leg.br/internet/deputado/bandep/178945.jpg,dep.rosangelagomes@camara.leg.br,ROSANGELA DE SOUZA GOMES,Pós-Graduação,RJ,Rio de Janeiro,F
204437,Severino Pessoa,37908,REPUBLICANOS,AL,https://www.camara.leg.br/internet/deputado/bandep/204437.jpg,dep.severinopessoa@camara.leg.br,SEVERINO DE LIRA PESSÔA,Ensino Médio,AL,Arapiraca,M
74356,Silas Câmara,37908,REPUBLICANOS,AM,https://www.camara.leg.br/internet/deputado/bandep/74356.jpg,dep.silascamara@camara.leg.br,SILAS CÂMARA,Superior,AC,Rio Branco,M
204425,Silvio Costa Filho,37908,REPUBLICANOS,PE,https://www.camara.leg.br/internet/deputado/bandep/204425.jpg,dep.silviocostafilho@camara.leg.br,SILVIO SERAFIM COSTA FILHO,Superior,PE,Recife,M
178862,Tia Eron,37908,REPUBLICANOS,BA,https://www.camara.leg.br/internet/deputado/bandep/178862.jpg,dep.tiaeron@camara.leg.br,ERONILDES VASCONCELOS CARVALHO,Superior,BA,Salvador,F
204505,Vavá Martins,37908,REPUBLICANOS,PA,https://www.camara.leg.br/internet/deputado/bandep/204505.jpg,dep.vavamartins@camara.leg.br,WAGNER BACH MARTINS,Superior,RS,Pelotas,M
141555,Vinicius Carvalho,37908,REPUBLICANOS,SP,https://www.camara.leg.br/internet/deputado/bandep/141555.jpg,dep.viniciuscarvalho@camara.leg.br,VINICIUS RAPOZO DE CARVALHO,Mestrado,RJ,Rio de Janeiro,M
160665,Augusto Coutinho,37904,SOLIDARIEDADE,PE,https://www.camara.leg.br/internet/deputado/bandep/160665.jpg,dep.augustocoutinho@camara.leg.br,AUGUSTO RODRIGUES COUTINHO DE MELO,Superior,PE,Recife,M
160512,Aureo Ribeiro,37904,SOLIDARIEDADE,RJ,https://www.camara.leg.br/internet/deputado/bandep/160512.jpg,dep.aureoribeiro@camara.leg.br,AUREO LIDIO MOREIRA RIBEIRO,Superior Incompleto,RJ,Duque de Caxias,M
204551,Bosco Saraiva,37904,SOLIDARIEDADE,AM,https://www.camara.leg.br/internet/deputado/bandep/204551.jpg,dep.boscosaraiva@camara.leg.br,JOÃO BOSCO GOMES SARAIVA,Superior,AM,Manaus,M
204439,Dr. Leonardo,37904,SOLIDARIEDADE,MT,https://www.camara.leg.br/internet/deputado/bandep/204439.jpg,dep.dr.leonardo@camara.leg.br,LEONARDO RIBEIRO ALBUQUERQUE,Pós-Graduação,GO,Rio Verde,M
204434,Dra. Vanda Milani,37904,SOLIDARIEDADE,AC,https://www.camara.leg.br/internet/deputado/bandep/204434.jpg,dep.dra.vandamilani@camara.leg.br,VANDA DENIR MILANI NOGUEIRA,Superior,SP,Cedral,F
204364,Eli Borges,37904,SOLIDARIEDADE,TO,https://www.camara.leg.br/internet/deputado/bandep/204364.jpg,dep.eliborges@camara.leg.br,ELI DIAS BORGES,Superior,GO,Ipameri,M
160669,Genecias Noronha,37904,SOLIDARIEDADE,CE,https://www.camara.leg.br/internet/deputado/bandep/160669.jpg,dep.geneciasnoronha@camara.leg.br,GENECIAS MATEUS NORONHA,Ensino Médio,CE,Fortaleza,M
204408,Gustinho Ribeiro,37904,SOLIDARIEDADE,SE,https://www.camara.leg.br/internet/deputado/bandep/204408.jpg,dep.gustinhoribeiro@camara.leg.br,LUIZ AUGUSTO CARVALHO RIBEIRO FILHO,Superior,SE,Aracaju,M
178879,Lucas Vergilio,37904,SOLIDARIEDADE,GO,https://www.camara.leg.br/internet/deputado/bandep/178879.jpg,dep.lucasvergilio@camara.leg.br,LUCAS DE CASTRO SANTOS,Superior,GO,Goiânia,M
204475,Ottaci Nascimento,37904,SOLIDARIEDADE,RR,https://www.camara.leg.br/internet/deputado/bandep/204475.jpg,dep.ottacinascimento@camara.leg.br,JOSE OTACI BARROSO DO NASCIMENTO,Ensino Médio,AM,Eirunepé,M
141518,Paulo Pereira da Silva,37904,SOLIDARIEDADE,SP,https://www.camara.leg.br/internet/deputado/bandep/141518.jpg,dep.paulopereiradasilva@camara.leg.br,PAULO PEREIRA DA SILVA,Ensino Médio,PR,Porecatu,M
143084,Tiago Dimas,37904,SOLIDARIEDADE,TO,https://www.camara.leg.br/internet/deputado/bandep/143084.jpg,dep.tiagodimas@camara.leg.br,Tiago Dimas Braga Pereira,Superior Incompleto,MG,Uberaba,M
160632,Zé Silva,37904,SOLIDARIEDADE,MG,https://www.camara.leg.br/internet/deputado/bandep/160632.jpg,dep.zesilva@camara.leg.br,JOSÉ SILVA SOARES,Pós-Graduação,MG,Iturama,M
